content,device,like,rcount,ctime,avatar,level,sex,sign,uname,mid,oid,diag
孩子们不用担心，我在尝试应聘成为他的直升机驾驶员,,3928,73,,https://i1.hdslb.com/bfs/face/b53710c2fd1518ef04e94a29249973e43228468e.jpg,5,保密,,佐巴佯,1841491669,1950778141,原评论
孩子们，我会战胜哟西回到你们身边的,,1523,33,,https://i1.hdslb.com/bfs/face/890546709bb6b9435ca1c8301f50fd506b25ff84.jpg,6,保密,你见过凌晨的洛杉矶吗,节奏医师,187802566,1950778141,原评论
梅西这个视频三赢，没有道歉，梅结晶觉得自己的哥哥守住了底线，他并没有做错什么，不道歉太对啦，然后自我安慰自我感动。梅黑可以揪着没有道歉这件事情大做文章，各种才华横溢的段子满天飞。而我这样的乐子人手里的瓜越来越香。所有人没有受伤的世界达成了，他真的，我哭死,,425,16,,https://i2.hdslb.com/bfs/face/83b46ac70a64328576c0b709a24250b7fe20d542.jpg,6,保密,,咔嚓很深,4172426,1950778141,原评论
480p？ai合成的吗？,,1064,6,,https://i1.hdslb.com/bfs/face/4a0dbfee574693818f12cd0b77b9c92f5ec04bb9.jpg,6,保密,你好（杰哥音）,帝御江山,29018272,1950778141,原评论
好像是ai呦[吃瓜],,1083,14,,https://i0.hdslb.com/bfs/face/090fb67fdcc93937b8b97a6b12d55a42d02998b6.jpg,4,男,别来对线了，没意思,别对线了没意思,479006172,1950778141,原评论
我说一点，那些换头卖片的技术都比你们请的好[吃瓜],,33,1,,https://i1.hdslb.com/bfs/face/de700b3399d6398c1cab399aa4247fb6021020c6.jpg,4,保密,,亚伯拉罕-lk,1027271032,1950778141,原评论
看哟西的胡子忽有忽无，你就知道这是AI哟西啦~哟西，高科技鸭~[藏狐][doge],,503,2,,https://i1.hdslb.com/bfs/face/a3ab6a0c7bed232c8ee5f49d9c167387ce01646f.jpg,6,保密,往事暗沉不可追，来日之路光明灿烂。,特立独醒的猫先森,357773251,1950778141,原评论
里奥 · AI · 呦西,,583,6,,https://i0.hdslb.com/bfs/face/ff67a91ea14efe5da3f3a28bebaf96f6fc42b6d2.jpg,5,保密,,BlackYoung7,524281215,1950778141,原评论
不愧是真正的球王！道歉都是有前瞻的，而且只给我们中国球迷看，外国人都不配看，想看只能来微博，ins上不给看！而且为了表示诚意专门扒出了他婆婆时期的480p高清相机录制视频，伟大！无需多言！,,43,2,,https://i1.hdslb.com/bfs/face/9fc571106cfa4cf3ec0d10b636238700d278010d.jpg,4,男,"怎么都坐着？那我上机了
可用点数:7
解小黑屋个人群
935886958",Yume_15mins,1353840124,1950778141,原评论
我好心好意骗你们，你们为什么不相信我,,21,1,,https://i2.hdslb.com/bfs/face/c70b3e1a86c45d17d73dd9dc944ae512de8a2155.jpg,5,男,wubalubadubdub,摩羯座的外星人,519552284,1950778141,原评论
这是我在微博上找到的😂😂😂,,115,13,,https://i1.hdslb.com/bfs/face/eb101ef90ebc4e9bf79f65312a22ebac84946700.jpg,5,保密,,是多少啊啊啊,1119360100,1950778141,原评论
翻译总结：我还是想继续在中国赚粉丝的钱！,,17,1,,http://i1.hdslb.com/bfs/face/fb4ddc76ee9beed450f6589d8122e1a2ff507bf3.jpg,5,女,哈哈哈哈哈,芋头yawaya,428299210,1950778141,原评论
梅西回应视频画质甚至不如我十多年前看的小日本小黄片[笑哭]懂了，梅西不如av女优[妙啊],,6,0,,https://i0.hdslb.com/bfs/face/e214a12aef8d30c00c9cedbb3efc0270a4877279.jpg,6,保密,,joker-JKlove,221768412,1950778141,原评论
给各位翻译一下：求大家原谅，因为我不希望失去中国的市场[doge],,13,3,,https://i0.hdslb.com/bfs/face/6ed0889d341493be78f7fddbe4d53c4de898606c.jpg,5,女,没必要关注我的~个人Q群：807489468,槿沐沐猫猫,491653578,1950778141,原评论
看到1080p买不起蚌埠住了[笑哭],,136,3,,https://i0.hdslb.com/bfs/face/9dde86e10c839f750a20cc387f95ec9decd05de7.jpg,5,男,听戏时要点最红的名伶，遛鸟是要买最贵的画眉,三月四的崽,521740947,1950778141,原评论
破案了道歉视频是ai合成的[笑哭],,545,4,,https://i0.hdslb.com/bfs/face/4c9cf96d106805adcfeabdc4d35512fff1a429fe.jpg,6,男,。。。。。。。。。,博氺233,181460700,1950778141,原评论
ai合成的，应该是给梅结晶看的吧[笑哭],,34,1,,https://i0.hdslb.com/bfs/face/9c66029240900e0ddbc8cc62e6e7b42943260aff.jpg,5,男,“爱意随风起，风止意难平”,thinkof0831,254730081,1950778141,原评论
呦西,,6,0,,https://i0.hdslb.com/bfs/face/17cc744dcecef88d2398bfc6ee18c563d3a6f7f7.jpg,6,保密,,強顏歡笑--,297625578,1950778141,原评论
就我一个人觉得视频里呦西动作神态好像伪人吗，跟ai一样[思考],,209,11,,https://i1.hdslb.com/bfs/face/8939ec8200fea5422876869700829acd05baf83f.jpg,6,男,想成为艺术家,阿信不做白日梦,278989096,1950778141,原评论
其实我还是挺喜欢吆西的，因为我们有个共同的特点，就是都看不起吆西球粉,,5,0,,https://i0.hdslb.com/bfs/face/81bc33d5722e94d914ab3d6b25ea0cbf59a7f526.jpg,4,女,,泠音cck,414678321,1950778141,原评论
感觉没什么热度了，这样挺好，就让他默默的死去吧,,7,1,,https://i2.hdslb.com/bfs/face/54ab2538d37d3c4f87355f6457cb2bcc52f5f8dc.jpg,6,男,已有的事后必再有，已行的事后必再行,队长别开枪是我pia,19667825,1950778141,原评论
这几天头条不都是哟西道歉吗[笑哭]只能说哟西公关团队花的钱真多,,0,0,,https://i0.hdslb.com/bfs/face/a76bdca75d3f5d9f5d071cef8382311f281752d1.webp,6,男,"梦想当一个会说唱的中二少年
网易云音乐/QQ音乐：Revice田璧宁",ReviceTIAN,12152169,1950778141,原评论
够了！😡大家别骂梅西了，梅西只是回了故乡而已，这波我站梅西脸上，我永远是他的偶像，无论你们怎么骂他我都支持你们，梅西只是做错了事，又不是做对了人,,3,2,,https://i0.hdslb.com/bfs/face/6ca03b5bee066f7167380dc663603ded2bc6d204.jpg,2,保密,心死，生活却死死紧咬着你的肉体。本想摆烂一生，却要守护一世。我背着整个雨天，希望有人给我一把伞，可身边早已无人。,抱着空白的书,3546610761993030,1950778141,原评论
查重率百分之380％,,0,0,,https://i1.hdslb.com/bfs/face/6c04091cc7f71d97698493fbaea87132cb06408b.jpg,4,保密,欺名盗世AI梅西,里昂梅斯,648678409,1950778141,原评论
厚葬友军,,0,0,,https://i1.hdslb.com/bfs/face/ff78c70f37146293385aa222893dc6b438b49cd4.jpg,2,保密,,今天生吃蓝某人,3546378917644855,1950778141,原评论
事件已经半个月了吗，时间过得真快,,3,0,,https://i0.hdslb.com/bfs/face/915ece542eabea9ec0ad859b71752d6b67ed23e7.jpg,6,男,,红右手_,10846776,1950778141,原评论
A I草,,2,0,,https://i1.hdslb.com/bfs/face/b0f0994c27b15abc0a53b6b86f7bfd91d2ff7365.jpg,5,男,Serve The Light,三水大魔王哇,44156785,1950778141,原评论
00:15 纯黑色眼球，双眼无神，先被夺舍了一样，去了趟日本就是不一样了[doge],,55,4,,https://i0.hdslb.com/bfs/baselabs/15439a96bbe7867a317a4ac4b3414942941979a4.png,6,男,"发布关于键盘的一切视频都仅供参考。
勿喷，勿杠，毕竟你说的都对，摇了我吧～",Mircn,17167101,1950778141,原评论
视频是ai合成的，那什么肩膀阴影胡子变形不太容易发现的就不说了，最明显的就是全程说话都没有露牙齿,,4,0,,http://i0.hdslb.com/bfs/face/06bef60540e03c5c078f882503f9359699741af7.jpg,6,男,某act的up主哒～视频做的很菜的，不喜勿喷QAQ,逍刘卡姆依,109218806,1950778141,原评论
你可以看看他视频里面前后胡子都不一样，明显是用巴黎那段时间的ai合成的，除非他作为一个人类，可以在几秒之内长出或者消失一片胡子,,5,0,,https://i0.hdslb.com/bfs/face/ace100a1c994151177c35f97f7a66268807dd4be.jpg,5,女,提希尔–亚特莱,珐鲁鲁,500361996,1950778141,原评论
樱花妹给整舒服了,,1,0,,https://i2.hdslb.com/bfs/face/f57c824b598f60f8d631bdd178c7da2fc2cfbc68.jpg,5,保密,,轩仔523,449680259,1950778141,原评论
是的，在中国时病的严重，到日本立马就好了[doge],,7,1,,https://i2.hdslb.com/bfs/face/6b0b7fb24ed5a67354c3348e518d37135f965c25.jpg,5,男,大家好，这里是碳酸猫,H2CO3Cat,1481292056,1950778141,原评论
核辐射进化了[doge],,1,0,,http://i1.hdslb.com/bfs/face/976481c5dc815d652992de49816c2964d7099c54.jpg,6,男,看学听,从不回头看到boom,15635860,1950778141,原评论
因为用ai做一个4K视频，以现在的AI算力要做好久，现在还赶不出来,,46,4,,http://i1.hdslb.com/bfs/face/6a146eab87aa8f65dda64ecc30f22f768837f1b9.jpg,5,男,理性，客观，不中立,刀可特硬,457667839,1950778141,原评论
回复 @大雪深埋 :算力确实不够，要不然你以为为什么sora的小样都只有一分钟,,5,0,,http://i1.hdslb.com/bfs/face/6a146eab87aa8f65dda64ecc30f22f768837f1b9.jpg,5,男,理性，客观，不中立,刀可特硬,457667839,1950778141,原评论
可能480是免费的，高清要开会员,,5,0,,https://i0.hdslb.com/bfs/face/6504f5ce47d4195b4518a8866cdb41b6f8452591.jpg,6,男,,大雪深埋,272051751,1950778141,原评论
正确的,,0,0,,https://i2.hdslb.com/bfs/face/cdd1d851036cb2c7f57728f2febab1738192250d.jpg,5,男,"恭喜张三，顺利过关
俗话说得好：俗话说得好。
今宵酒醒何处？杨柳岸，晓风残月。",凉拌豇豆炒肉丝,1404249584,1950778141,原评论
高级AI，里奥哟西(冰红茶也干了),,87,0,,https://i0.hdslb.com/bfs/face/1a67a662e0946f55c898e913a2849299ecf2d480.jpg,4,保密,你,喜欢古关忧,3493131240606270,1950778141,原评论
微信的逆天评论，看看怎么[微笑][微笑],,3,3,,https://i0.hdslb.com/bfs/face/member/noface.jpg,3,保密,,御坂御坂642730,3494364158364441,1950778141,原评论
只用保留两个感叹号后面四个字，症后面都不需要了,,0,0,,https://i2.hdslb.com/bfs/face/8968d0ba84eb866033b01aca155aaa801aa2ae43.jpg,6,保密,Ajax de beste! ,bili丶刻刀系鱼尾,2837558,1950778141,原评论
不敢在v信里和他们对线[酸了][酸了],,0,0,,https://i0.hdslb.com/bfs/face/member/noface.jpg,3,保密,,御坂御坂642730,3494364158364441,1950778141,原评论
草，血压上来了[辣眼睛],,0,0,,https://i1.hdslb.com/bfs/face/dea9cbd81a4caa8cf9a7200b73b4bf00b6a90ba1.jpg,4,男,偷看我界面被抓住了吧,赵者,499117648,1950778141,原评论
"所以说，《互联网没有记忆》：
    汶川地震c罗赠送前面衣服赈灾，梅西说“地震与足球无关”。
   几年后日本地震，梅西直接300w欧元捐过去。
   去年年底阿根廷米莱瞎搞，精神领袖梅西也没站出来，本国人民都不管的人，还能指望？
  不要因为国足弱就盲目崇拜别人，至少，你有强大的祖国[打call]。近日天寒，望诸位多加保暖  00:07",,62,6,,https://i0.hdslb.com/bfs/face/dd934d26da00face5f5fa01dce5178e7c0b91169.jpg,6,保密,"我向来与世无争，喜欢偏僻的角落。      
                                 ——氤氲百之合
      ",青春的独角戏,183896298,1950778141,原评论
不知道这些事情，以前我虽然不看球，但是挺喜欢梅西的(可能就像有人说的，营销的好，但我确实不知道为什么喜欢他)，经过今年这件事后，他在我心中的形象就彻底崩塌了[笑哭][笑哭],,1,0,,https://i0.hdslb.com/bfs/face/95880503eca2fad40d1313f588a24ed8c198d271.jpg,5,男,,爱吃白幺幺,57910743,1950778141,原评论
回复 @布拉巴拉拉 :没事，咱就是楼主[tv_doge]，这人可能反串的，估计回到了也没什么用(=_=),,0,0,,https://i0.hdslb.com/bfs/face/dd934d26da00face5f5fa01dce5178e7c0b91169.jpg,6,保密,"我向来与世无争，喜欢偏僻的角落。      
                                 ——氤氲百之合
      ",青春的独角戏,183896298,1950778141,原评论
回复 @青春的独角戏 :哥们，你没回复到人，你回复到楼主了,,0,0,,https://i0.hdslb.com/bfs/face/fb4becf42dd60f26194b38077c0ee6810e726490.jpg,5,保密,,布拉巴拉拉,319111713,1950778141,原评论
这个当时在微博的回应就像是中国好声音的中国蓝tv在微博上说自查以后发布的微博在下面的评论一样，下面的评论也是同时零秒无时差的，就直接发布了一堆评论……全都是较好的，说要怎么怎么样，好好调查一下，有问题解决，没问题为自己证明清白的就很有意思很有趣[OK]感觉是我们赢了，但事实上应该是我们的什么已经被人家掌握了拿捏了好吧,,2,0,,http://i0.hdslb.com/bfs/face/member/noface.jpg,6,男,,22330313066_bili,378878352,1950778141,原评论
哟西会分身术[星星眼],,67,0,,https://i1.hdslb.com/bfs/face/870eb4601088e1da5b05a4024ba562c4bc440c28.jpg,5,保密,放飞自我,白夜凛香,302470666,1950778141,原评论
前轱辘不转，后轱辘转思密达，听不懂思密达,,4,0,,https://i1.hdslb.com/bfs/face/d629373c79e7d7d3e768f0483d9e7bf08eda9ee0.jpg,5,保密,ⓘ该账号封禁中,似人干嘛,440523637,1950778141,原评论
"🟦⚪🟦⚪🟦⚪🟦
🟦⚪🟦⚪🟦⚪🟦
🟦⚪🟦⚪🟦⚪🟦
🟦⚪🟦10🟦⚪🟦
孩子们，这并不好笑。[笑哭][笑哭]
现在的我是最好的呦西[笑哭]",,7,0,,https://i1.hdslb.com/bfs/face/15d225620995fa10c7b4778fd6dffbedaa5a4dfa.jpg,6,男,"bilibili评论区up主
你好我是一哥，励志做评论整个b站视频的男人，不管你讨不讨厌我，都要记得每天开心哦
",B站评论区一哥,1698417787,1950778141,原评论
【李老八声明漏洞百出？梅西立马拷打 AI李老八-哔哩哔哩】 https://b23.tv/Mo7IqxJ 哈哈哈最狠的活,,6,0,,https://i2.hdslb.com/bfs/face/02c62a882f4e038a253e0541f40414e7c870ca4f.jpg,5,保密,,不受欺负的翔太,390571976,1950778141,原评论
狸嗷呦西都道歉了你们还想怎样？[笑哭],,207,13,,https://i0.hdslb.com/bfs/face/c0a3afa06bb2282f87e3da7b2f5eeab9e0d7d4fb.jpg,5,男,一个路过的普通06玩家（已淡游）,柏泽燕zky,454091253,1950778141,原评论
回复 @哟西囚王PESSI :直钩都能上,,5,0,,https://i0.hdslb.com/bfs/face/9e8960f13be74e372e9403b4f7c24ae8c9c67847.jpg,4,男,"想跟我van什么游戏都可以私信我o
",爱玩pvz的小火豆,1969723212,1950778141,原评论
回复 @爱玩pvz的小火豆 : 没绷住,,4,0,,https://i2.hdslb.com/bfs/face/ec7d760dd5b9d0770e2984d06915f9ffc90631ac.jpg,4,男,awa,一只IKUN球,1847959901,1950778141,原评论
不是儒奥呦西？,,3,0,,https://i0.hdslb.com/bfs/face/8ba77bfa95471401ce8401dc9475c585246798bc.jpg,6,保密,四川梅西也干了,儒嗷呦西,386445279,1950778141,原评论
这就跟C罗去日本的时候一模一样，C罗当时也是拒绝上场，为什么呢[呲牙],,4,2,,https://i2.hdslb.com/bfs/face/c18b93ef8996ce0ac7f17c8c310edf4159afad0f.jpg,4,保密,,撒旦男婴-Stewie,3461563725908729,1950778141,原评论
因为你这头蠢猪太蠢啊，C罗和棒子可是02就有仇，葡萄牙黄金一代被02世界杯棒子黑出局不知道？怎么你家梅太君和中国人也有仇？有你这种贱骨头舔狗还能有仇？,,0,0,,https://i1.hdslb.com/bfs/face/b0b50c34702d5c03ab5703ab05f74466d178108e.jpg,2,保密,,十日终焉__,3546600378993322,1950778141,原评论
c罗还想吃中国的饭,,0,0,,https://i2.hdslb.com/bfs/face/8316f505616a3865b62593535d33a96e0b464174.jpg,5,女,,旋转的月光,362933033,1950778141,原评论
梗百科下方评论,,9,1,,https://i0.hdslb.com/bfs/face/member/noface.jpg,2,保密,,馍夹菜与香菇酱,3546617403673072,1950778141,原评论
反串的哥们,,1,0,,https://i0.hdslb.com/bfs/face/2787d8d1426c26d419dc488770e4c865cf62d8d6.jpg,3,男,用心了，兄弟,昊丿我从为离去,2014975416,1950778141,原评论
这不是ai合成的吗,,2,0,,https://i1.hdslb.com/bfs/face/d105664e8de75c2c91b0a39da7b95e5f3d7144f6.jpg,5,男,,玄斩,526501051,1950778141,原评论
[doge]《九点准时发》,,27,0,,http://i0.hdslb.com/bfs/face/member/noface.jpg,6,保密,,我是荷包蛋,2665567,1950778141,原评论
哟西[星星眼],,2,0,,https://i0.hdslb.com/bfs/face/faff3402b98e86bafe5b9f8ca1f053d9d7120f9e.jpg,5,保密,,bili_420445428,420445428,1950778141,原评论
我没有错,,2,0,,https://i2.hdslb.com/bfs/face/77083045a189b65b8090c687adb272d8563107d6.jpg,4,女,哼哼哼哼啊啊啊啊啊啊啊啊啊啊114514哼哼啊啊啊啊啊哼啊啊啊啊啊啊,梅木的呦西,2099136602,1950778141,原评论
那些黑梅西的人真的挺可怜，明明被当枪使却还自以为正义,,2,0,,https://i1.hdslb.com/bfs/face/c213b01ccd386ae71b1d20389d8099c6eaab6079.jpg,5,男,,墨语成风lei,21524374,1950778141,原评论
我没想到阿秀这么宠粉，说做他就做了[打call][打call][打call],,15,1,,https://i0.hdslb.com/bfs/face/4dcf9041a7841f0d12c08c0f66a37dce2706689f.jpg,3,保密,,快不过1557,3494378265905286,1950778141,原评论
最支持的一集，全世界都是巨大的罗杰金[doge],,0,0,,https://i1.hdslb.com/bfs/face/9246a648710427dd88ca55f9873c2055d4620e73.jpg,5,保密,环境变了，跟风的人多了，脑子好的人少了,卿厶,375487729,1950778141,原评论
孩子们，我们这说缺一位囚王goat[微笑],,4,2,,https://i2.hdslb.com/bfs/face/67469303c572348eb42bcf68928687f83f47a776.jpg,5,男,,司马缸装大象,574644818,1950778141,原评论
智齿,,0,0,,https://i2.hdslb.com/bfs/face/19ee1b5975969a47ba085cd1f628d86a479b9950.jpg,4,保密,沧海玉田珠有泪,荏它奚落,1270056014,1950778141,原评论
要不你进去？,,0,0,,http://i1.hdslb.com/bfs/face/1e83870895b4802efdacffd28bc44b05eca2f28e.jpg,5,保密,~快乐一点不好么,迟小葵,9853751,1950778141,原评论
"绝对没有记错，里奥哟西在香港说股沟受伤不能上场比赛，原来里奥哟西你还是一个朱儒萝莉啊
。里奥哟西看到日本情郎瞬间治愈，这就解释清楚了为什么里奥哟西在日本非常精神
牢大和牢师都去了应该去的地方，三缺一斗地主👲，真是期待哟西也去，一家人就是要团团圆圆。",,74,3,,https://i1.hdslb.com/bfs/face/37e5a190095cfb1d4b6950b8103086cf566563d8.jpg,4,男,,银河第一帅1111,3493088479676728,1950778141,原评论
会活的😡😡😡😡,,3,0,,https://i2.hdslb.com/bfs/face/c877916ed3f180dc6a6af9ba1c0bffe2666b632f.jpg,4,保密,,林林林sow,1101779861,1950778141,原评论
"日本娘们多
对日本态度好点懂吧
里奥，哟西",,1,0,,https://i0.hdslb.com/bfs/face/8ad13261d4b0a524ed6fb4fc1029b3f700e1a8b8.jpg,5,保密,ggggg......唠嗑群:532785134,樱花SemiMute,401749611,1950778141,原评论
其实就算这样也最好别人身攻击,,0,0,,https://i1.hdslb.com/bfs/face/12925683b588c63ef58fb42f5dff802e59511715.jpg,5,男,,老兵不是新兵,1083573253,1950778141,原评论
"近期激活码：
龙年添好运
辞旧迎新过龙年
其乐龙龙
龙贺新春
黄盖666
于吉666
星周不疑666
界魏延666
袁神启动666
八神将888",,3,0,,http://i0.hdslb.com/bfs/face/f9666c4ee1d3aa678962d137a2f07781a75690a4.jpg,5,保密,,卖地瓜的番薯佬,476246250,1950778141,原评论
作为一个摄影师，我表示他那个胡子根本不可能是光照导致的时隐时现，就是AI作画导致的错误,,5,0,,https://i1.hdslb.com/bfs/face/50f312bdfc9fe3147fcd3a3f84c62a58bbc10e85.jpg,4,男,【男V】一棵明朝的松树，希望给大家带来欢乐,雪松Pine,3494380784584873,1950778141,原评论
@我爱化学爸爸 [尴尬],,2,1,,https://i2.hdslb.com/bfs/face/8a55dd341cdf02735299c513b7ce5e51cd70bcd4.jpg,4,保密,,野-bf,1313331494,1950778141,原评论
呦西,,2,0,,https://i1.hdslb.com/bfs/face/8ea2a38c8103d5aa0ff1c7d97a16deebf73ae777.jpg,2,保密,,我爱化学爸爸,3494376154073404,1950778141,原评论
伤不伤不评价，就全程黑脸绕着走不讲话不拍照不与粉丝互动这个洗不了一点。,,2,0,,https://i0.hdslb.com/bfs/face/member/noface.jpg,5,男,,bili_99251832273,454866028,1950778141,原评论
日本不愧是环保大国，呦西一下飞机毛病就好了,,4,0,,https://i0.hdslb.com/bfs/face/f439a7abcd842bb0043475753807b8688224cc38.jpg,6,男,,嗡嗡嗡欧萨斯,270331584,1950778141,原评论
怎么感觉像李佳琦,,19,0,,https://i1.hdslb.com/bfs/face/364ec12e98bd8abcebd8afbc75deec06e0443744.jpg,6,男,只想永远和你在一起,乐于哀,252729358,1950778141,原评论
呦西你不论怎么样，我都会支持别人的,,5,0,,https://i0.hdslb.com/bfs/face/member/noface.jpg,2,保密,,青龙出江,3546601807154102,1950778141,原评论
"评论区的真是要笑死我了，说什么梅西塌房了，你有真正了解过梅西吗？
知道梅西一生拿过多少成就吗，拿过多少冠军
你们不要把一个人的成就和他的人品相比，因为两者没有可比性，成就固然重要，但人品更重要
对此我想说的是
梅西，无论他们怎么黑你，我永远支持他们",,5,1,,https://i1.hdslb.com/bfs/face/b2a514f57a37bf521ddfbd02805ec6c3ffc92019.jpg,5,保密,我累哇刚大木,Fennec_EK,1309406821,1950778141,原评论
[哦呼],,0,0,,http://i0.hdslb.com/bfs/face/member/noface.jpg,5,保密,,潇洒Balabala,325895154,1950778141,原评论
不要被梅西带偏关注点，731好不容易热度上来了，结果梅西就弄这么一出，还是针对于中国和日本的，不能不警惕这种情况,,2,0,,https://i2.hdslb.com/bfs/face/fb2dbe775c28ecf629173cf50cfbe7df6e644d63.jpg,5,男,“让人类时刻保持理智，的确是一种奢望”,瑟瑟发抖的Siri,455274995,1950778141,原评论
梅西？呦西[doge],,2,0,,https://i0.hdslb.com/bfs/face/573ca3ef4a951da0a77b309337f7e21d550ff53a.jpg,4,保密,,敢色儿,1912434516,1950778141,原评论
孩子们不用担心，我已经把梅西的头像给撕了,,1,1,,https://i2.hdslb.com/bfs/face/de427bafd557d7017e63e9036b8d82c4a217f55d.jpg,4,男,求大家关注 ，我会互关 互赞 我发现秒回复 ,朙铭同学,3493280138398649,1950778141,原评论
6,,0,0,,https://i2.hdslb.com/bfs/face/de427bafd557d7017e63e9036b8d82c4a217f55d.jpg,4,男,求大家关注 ，我会互关 互赞 我发现秒回复 ,朙铭同学,3493280138398649,1950778141,原评论
"背后团队谁给的道歉稿啊，错误太多了
我来写一个：
ごめんなさい、本当にすみません",,6,0,,https://i2.hdslb.com/bfs/face/dfe77fd9fb029011dbdde35e6960f652ead8ee84.jpg,5,保密,人生如戏，戏如人生，红尘不渡苦难人，今朝有酒今朝醉，今夕梦惜明月昔，戏里戏外终无奈。,红尘太平人,1964974232,1950778141,原评论
没事，子孙会洗地的[吃瓜],,1,0,,https://i1.hdslb.com/bfs/face/2983529588b0c3dc9099c7450006fd1b85a5c9c0.jpg,5,保密,迷,中华田园犬家的雲岭儿,624383833,1950778141,原评论
致敬AI艾弗森，科密和詹密就别碰瓷了,,1,0,,https://i2.hdslb.com/bfs/face/d0fcbb1a0dcd10f7e8840a187078552f6847a126.jpg,6,男,听说我这个人很神秘，什么都没写。,周二枣,38559581,1950778141,原评论
吓我一跳我释放忍术🥷,,1,0,,https://i0.hdslb.com/bfs/face/7ba2d7c83506bc267731d1e9b975b02b3c5ecdb6.jpg,3,保密,23年8月24日，是小题大做还是怎样，不定以后是Counter Attack-Sea，未来的事谁说得准呢.现实才是最“精彩”荒诞的小说,23年8月24日本排放核污,3546380150770056,1950778141,原评论
小吆西,,1,0,,https://i1.hdslb.com/bfs/face/6f5278098436e5d25ea212464f391009424d7401.jpg,5,保密,冲了你！！,大佬耿666,104382553,1950778141,原评论
国内没梯子上不了外网，所以不发在微博发哪里[辣眼睛],,1,2,,https://i1.hdslb.com/bfs/face/45dd602dd498dc42683dd207cd2945204d624529.jpg,4,保密,tim,deadcat1024,1038275995,1950778141,原评论
儒西ins和x上发的都是假的是吧[嗑瓜子],,0,0,,https://i0.hdslb.com/bfs/face/96d96dc34fe642f614ee18fafd00fb62db62a933.jpg,5,保密,跟我念，日本自卫队下等兵，里奥•呦西，出列！罕见们别破防哦,里奥-_-哟西,352169856,1950778141,原评论
[doge]那行，aha  海豚  猎豹，这三个不要钱上不了外网？不存在的。,,0,0,,https://i0.hdslb.com/bfs/face/6e7ee177b5cc681b9609c07f8d5eb574b52d409c.jpg,6,保密,,3900828246,242905806,1950778141,原评论
孩子们，我真的知道错了,,1,0,,https://i1.hdslb.com/bfs/face/45458127a5fb42ec269e9420dc2fdb2775ad7b99.jpg,5,保密,,里奥呦西114514,86020720,1950778141,原评论
四川梅西也干了,,1,0,,https://i0.hdslb.com/bfs/face/8ba77bfa95471401ce8401dc9475c585246798bc.jpg,6,保密,四川梅西也干了,儒嗷呦西,386445279,1950778141,原评论
ai合成？,,1,0,,https://i1.hdslb.com/bfs/face/47d0b71682dde26edfd10849097294dadd4fa495.jpg,4,男,近期要小升初考试，暂不更新视频，暑假继续更新,鹿见树深,1082300563,1950778141,原评论
道歉应该是真的，不必为了黑而黑,,2,4,,https://i2.hdslb.com/bfs/face/4117f2eaee4b89b46e5126af3bc0c4ddc0dd4a50.jpg,4,保密,,好呢称都被占,629016464,1950778141,原评论
哪有道歉？,,0,0,,https://i0.hdslb.com/bfs/face/7f427d48c94bb77402151345f08aff82c75d027c.jpg,6,男,没有明天，随时跑路,S2zzzz,151326498,1950778141,原评论
他没有道歉不要为了洗白而洗白,,0,0,,https://i0.hdslb.com/bfs/face/c8d371ec5b0656fd511744c84d0e106e22d7353f.jpg,5,男,_(:* ｣∠)_,玛奇玛的芶,336351873,1950778141,原评论
[偷笑],,0,0,,https://i2.hdslb.com/bfs/face/0505f8bc2b27f2bb53bb0fc255a314b83f908ec4.jpg,6,男,The Deep Dark Fantasy,闇音Renri,37879715,1950778141,原评论
梅西这个视频三赢，没有道歉，梅结晶觉得自己的哥哥守住了底线，他并没有做错什么，不道歉太对啦，然后自我安慰自我感动。梅黑可以揪着没有道歉这件事情大做文章，各种才华横溢的段子满天飞。而我这样的乐子人手里的瓜越来越香。所有人没有受伤的世界达成了，他真的，我哭死,,18,2,,https://i1.hdslb.com/bfs/face/79b9652fbfbb1e5bf94abc9ef1825ebe4ad17fe8.jpg,4,女,,天空飞翔菏兰人,1421027032,1950778141,原评论
所有人没有受伤的世界达成了woc大老师,,0,0,,https://i0.hdslb.com/bfs/face/13d6516e9f41b91390dec8ca74f72af260766e61.jpg,3,男,希实香怎么能这么可爱o.0,Kimika-,3493289367964020,1950778141,原评论
瓜吃多了得糖尿病[doge],,0,0,,http://i0.hdslb.com/bfs/face/member/noface.jpg,5,保密,,2303191,490930426,1950778141,原评论
现在随便找个设备拍都拍不出这种画质的吧？,,4,2,,https://i1.hdslb.com/bfs/face/629fecd2dace114ac83c0d09f79d774da2b460c7.jpg,6,男,快乐短暂，需要见证与纪念,夏瞳不想早起,11128090,1950778141,原评论
ai制作的，假的，本人根本就没回应,,3,0,,https://i0.hdslb.com/bfs/face/460c58f71ddb396e27af2e7ee8e5e8ab9921b719.jpg,6,男,大户爱是天！,竹呤_意义,424390956,1950778141,原评论
AI制作的，梅西本人没回应,,0,0,,https://i2.hdslb.com/bfs/face/bd2d0895e923e17a57745fcfa21c7c6540a9a41f.jpg,4,男,平时做荒野乱斗视频比较低质,正的红拇指,60509054,1950778141,原评论
看着像ai换脸,,1,0,,https://i2.hdslb.com/bfs/face/8d101d578a0bcdc6bc83eecbac8d371ab767ba69.jpg,4,男,同袍齐心，砥砺并肩，舍小我于身后，而凝力于心间，方能驱邪黑暗，化飞龙耀于九天,扫兴大师寇,1581347021,1950778141,原评论
他可能手也断了,,1,0,,https://i1.hdslb.com/bfs/face/d68148063e965d0f3cfbcbc0bae373e37b7f77a4.jpg,4,男,为富最多不仁，穷凶才是极恶。,森島コン,53207491,1950778141,原评论
我和中国有缘，1600万港元。,,1,0,,http://i0.hdslb.com/bfs/face/46fb97ffbb508ae3721ae25a5579a3ca475d4dc7.jpg,5,保密,,bili_64805412945,473467284,1950778141,原评论
@Builder_Rat,,1,0,,https://i2.hdslb.com/bfs/face/2d8f33c5a437930215792dc069c52d02c73bce88.jpg,4,保密,工农阶级万岁！共产主义万岁！这盛世，如他所愿！,超级PR,2062656791,1950778141,原评论
好像还是AI🤣👉🤡,,1,0,,https://i1.hdslb.com/bfs/face/eb58f347d560732b545cbee17557429fb9a43f9f.jpg,5,保密,秒回你消息的人，也只是刚好在玩手机罢了.,一位世界选手,628570324,1950778141,原评论
本来是吃瓜的，但是现在感觉节奏开始往不受控制的方向跑了，我改观望,,2,0,,https://i2.hdslb.com/bfs/face/0fc937a9bc898173032170962cffedabc26b7ec0.jpg,5,保密,,xyzf-,2797700,1950778141,原评论
呦西，很好,,21,0,,https://i0.hdslb.com/bfs/face/4751c642bc833a2bed89e2dd70e237b32e7cf077.jpg,5,保密,遇见你们,Pi樱小黑,439254753,1950778141,原评论
"评论区的真是要笑死我了，说什么梅西塌房了，你有真正了解过梅西吗？
知道梅西一生拿过多少成就吗，拿过多少冠军
你们不要把一个人的成就和他的人品相比，因为两者没有可比性，成就固然重要，但人品更重要
对此我想说的是
梅西，无论他们怎么黑你，我永远支持他们",,2,0,,https://i2.hdslb.com/bfs/face/bd777dd607571d81c01056cb5a1cf4157eb45147.jpg,5,男,,うえすぎゆりな,611876642,1950778141,原评论
看了很多视频都没有AI提示,,0,0,,https://i0.hdslb.com/bfs/face/b89137cdc673492154e1a3ea701cbac4e18db0fd.jpg,2,保密,,梅洛卡夫斯基,3546615430253025,1950778141,原评论
感谢原神启动汉化组[笑哭],,2,0,,https://i1.hdslb.com/bfs/face/534afb8970237f1fea8beded04de8119917e44e7.jpg,4,保密,送会员会封，不送了,bili_1678342159,1678342159,1950778141,原评论
梅大佐。建议代言日本李宁[呲牙],,1,0,,https://i2.hdslb.com/bfs/face/db30bb9a51b7eb7fa0c43ea382eae8aaeab9b35a.jpg,5,男,,18820393480,484673498,1950778141,原评论
我觉得你这摊浑水还是别沾了，很有可能会回旋回来,,1,0,,https://i0.hdslb.com/bfs/face/7d2672c71c17ae438785080107d72349820c0a69.jpg,5,保密,turbo time,与虎重生,560519880,1950778141,原评论
据说还是ai合成的，他的胡子时有时无的,,1,1,,https://i2.hdslb.com/bfs/face/6f09a75cbfbe71311f58ec11d6f36eb48a064894.jpg,5,保密,,Gabriel_Sparks,395983931,1950778141,原评论
大眼框子一高一低,,0,0,,https://i2.hdslb.com/bfs/face/25b8a39fe75cc85d7a335ea823bd5106aad27685.jpg,5,保密,活跃难得，为此不过多干预。,雨苍碧社,399268415,1950778141,原评论
up主是4k的，呦西是480p的，up比呦西有钱石锤了[脱单doge][脱单doge],,1,0,,https://i1.hdslb.com/bfs/face/47527c46057ef474b9b82d3512260d522fea6ad8.jpg,5,保密,烟花易逝，人情长存。,花火家の黑猫,434307136,1950778141,原评论
没什么好说的，亲日压制731热度。他碰了底线，血海深仇。,,1,0,,https://i0.hdslb.com/bfs/face/affe30b1f26456509b62db620f6d0cb4063b9bd9.jpg,6,保密,,libid,2759112,1950778141,原评论
梅西你闪开，哈尔滨731事件顶起来！！！,,1,0,,https://i0.hdslb.com/bfs/face/d1cfdd87c44cd6b9faf00d9d882e8649e596215a.jpg,5,保密,,邎煇,700070682,1950778141,原评论
@历史第一人梅西 哟西，大大的良民,,1,0,,https://i2.hdslb.com/bfs/face/2210ec3764fb10699ee0af329983d78e82f7846d.jpg,5,男,大一地理科学师范新生，奥奇传说梦离厨一枚，常驻奥奇传说页游手游王者荣耀,长忆梦回,538759622,1950778141,原评论
"梅西这个事情吧，说穿了就是梅西没有拿出足够的诚意表示他尊重中国球迷。尊重的前提就是倾听，倾听对你不满的人到底哪里出问题了。结果呢，还是南辕北辙的话术。这就是不尊重的表现了。试想下，你老板问你abc，你回答456。你觉得老板会怎么想？这就是目前对梅西不满的人的感受。
至于这个视频，我只能说，从今往后，明星们要想下如何证明“我是我”这个问题了。",,1,0,,https://i1.hdslb.com/bfs/face/092de9ba6b1a9015ab9875ea7af62138ad3d8122.jpg,5,保密,,CaseyD,103356046,1950778141,原评论
他好像一直都没啥zz立场吧。。就那种他啥也不说然后别人说啥他也不管那种。。,,6,12,,https://i2.hdslb.com/bfs/face/6ffd7f78ae90ef8efb3bbcbcb3dfe2937ad43107.gif,6,保密,请别拉黑(⋟﹏⋞)切小号真的很麻烦啦˚‧º·(˚ ˃̣̣̥᷄⌓˂̣̣̥᷅ )‧º·˚,青黄不接,518306,1950778141,原评论
你是它三孙子？你就说没有？,,10,0,,https://i1.hdslb.com/bfs/face/6452eccb9e24ce490abf86ba0b15ca3dd60c8ec5.jpg,5,保密,,蛋碎喽,40077241,1950778141,原评论
收了多少 能不能内推我一下 我ip更具有说服力,,4,0,,https://i1.hdslb.com/bfs/face/33f3218c07c3da2d1e41a82134468b24dca2c8ca.jpg,3,男,原神 启动,sillyboy7777,3494379975084307,1950778141,原评论
你是他的谁？,,3,0,,https://i0.hdslb.com/bfs/face/0edc4461bc9137d7b9308a946b1731e3a53de01f.jpg,5,保密,,牢b呦西,172807566,1950778141,原评论
里奥.哟西永不过时。,,1,0,,https://i1.hdslb.com/bfs/face/830acdc2752386f02d8ac3c1b5d903d157d443a7.jpg,3,男,,铁根黑粉03,3493109883209932,1950778141,原评论
[滑稽]我不知道自己拍了这视频,,2,0,,https://i0.hdslb.com/bfs/face/6f370db231edc7abade55d9764aae898e4d2bf4a.jpg,5,男,,下水道の老鼠呦西,23354055,1950778141,原评论
赛博呦西,,14,0,,https://i0.hdslb.com/bfs/face/5e96ddb2756310184ecbc8699b16939301a41008.jpg,6,保密,,风de等待,399269772,1950778141,原评论
第一,,1,0,,https://i0.hdslb.com/bfs/face/73102a3693fdc2676f7e4f9323e437f5f8e6b1dd.jpg,4,女,,呦西的骑行,1877793357,1950778141,原评论
[吃瓜],,12,0,,https://i1.hdslb.com/bfs/face/773bb3d6650ec660a8cc2696e62c7e3d1abc433f.jpg,5,男,"小up请大家多多支持捏
主玩原粥农铁火劫撒和音游",是小龙捏,67935631,1950778141,原评论
戳啦，吆西急着去日本觐见天皇嘛，归心似箭嘛[doge],,1,0,,https://i2.hdslb.com/bfs/face/0926b8313ec786e8698e1cc11109ec1664b3d77b.webp,5,男,高山仰止，景行行止。虽不能至，然心向往之,山仰景行,447689051,1950778141,原评论
听成括约肌炎症了[doge],,5,1,,http://i2.hdslb.com/bfs/face/1e81fed9ecbea3821bbe5a177d9248482c882e8c.jpg,5,保密,,Morether_z,305641538,1950778141,原评论
逆天,,0,0,,https://i0.hdslb.com/bfs/face/8f917ff646c50436222fa92aa6a3e42f258bfa96.jpg,5,保密,,Glucose丶,495504276,1950778141,原评论
那我缺的麦克阿瑟这块谁来给我补啊,,1,0,,https://i2.hdslb.com/bfs/face/a458648b7cce466a03d21bdfb0407bbd77619878.jpg,4,男,現実があまりにも残酷で、幻術の世界に浸って何が悪いのか,一只小挫,2096065484,1950778141,原评论
AI生成的,,1,0,,https://i0.hdslb.com/bfs/face/737f70042212a901951617387f13d21d941ee88d.jpg,5,男,,嘿嘿嘿黑服,379405680,1950778141,原评论
六子吃了几碗粉不重要！开膛破肚才重要！,,1,0,,https://i2.hdslb.com/bfs/face/d2cf49b821be6802717c7aa4ccb1702c0255a4c3.jpg,5,男,不要温和地走进那个良夜！,旭西之,478139819,1950778141,原评论
到现在儒迷还在说，呦西从来不营销，国内也没有营销团队。,,1,0,,https://i1.hdslb.com/bfs/face/743207daa936af52d3a618bb17a6132def222af0.jpg,2,保密,万千努力加上绝不放弃，才能成为最好的自己，超越最好的自己。永远的CR7。,i肉肉7,3546601878457240,1950778141,原评论
好好的球星难道是很难当吗[嫌弃],,1,1,,https://i2.hdslb.com/bfs/face/52e4704f6f4e5e7dfff9b29b6621607464c5150e.jpg,5,保密,一直都在，只是不常发动态,chiengo,323892092,1950778141,原评论
他先是有立场的人，然后才是一个球员，现在的阿根廷总统亲美,,3,0,,https://i0.hdslb.com/bfs/face/0edc4461bc9137d7b9308a946b1731e3a53de01f.jpg,5,保密,,牢b呦西,172807566,1950778141,原评论
[绘之音表情包_瞅瞅][绘之音表情包_瞅瞅],,1,0,,https://i0.hdslb.com/bfs/face/2155bb6871983e9aed910d66cc4db25749d64e02.jpg,6,男, ·  ·  ·  －  ·  ·  －  －  －  ·  ·  ·  －  ·  －  ·  －  －  －  －  －  ·  ·  ,じAomrご绮罗香逸つ,53179407,1950778141,原评论
纯ai视频还有人信？,,1,0,,https://i0.hdslb.com/bfs/face/308dbbc369f310c2a04273d1f3851fa4b1cd35c6.jpg,6,男,别看了，什么也没有,1个大核桃,402800535,1950778141,原评论
没事，梅西，无论别人怎么说你，我都会支持别人的🤘,,1,0,,https://i0.hdslb.com/bfs/face/b053e421c183f243f0bccd614d8631d676c638e8.jpg,5,男,做自己的英雄吧！,夜冬烈,160218831,1950778141,原评论
球王梅西[打call]加油,,1,0,,https://i1.hdslb.com/bfs/face/b5fc13031b7a38bbc758425935d3c36a83f86ffa.jpg,5,男,原神动态,高低不敢整两句了,171986383,1950778141,原评论
[呲牙],,5,0,,https://i0.hdslb.com/bfs/face/4dd132cb906c36944604c5f7f30b0fa6d3472c92.jpg,5,男,北冥有鱼，其名为鲲。化而为鸟，其名为鹏。,抗倭先锋戚继光,314022327,1950778141,原评论
小头一低，乌龟哟西。哟西不用发道歉了，梅毒会自己制作发出的,,2,1,,https://i0.hdslb.com/bfs/face/c6149921b2ac43ece05f6a6d60333f0da7ea5ef3.jpg,5,保密,并非困难使我们放弃，是因为我们放弃，才显得如此困难,库西蒂尼-呦西,430678608,1950778141,原评论
哈哈哈哈,,0,0,,https://i2.hdslb.com/bfs/face/55b3f71c06f9f1dfc458fe9a74fc77c2a2c53e97.jpg,5,男,,破镜重圆_难重原,646799582,1950778141,原评论
"音道失声
双手残疾
逼眼失明",,1,0,,https://i0.hdslb.com/bfs/face/8ea8a1b45eae9c74cdfaeecc5e97079d5f239f52.jpg,6,男,emm......emm......,理塘传说锐将军,23791380,1950778141,原评论
去就去，不去就不去，畏畏缩缩，我牢金说过什么吗？[doge],,1,0,,https://i0.hdslb.com/bfs/face/584ffdc8e2edae3118129af21a17ae8935e2e592.webp,5,保密,,雾绯洪,435658386,1950778141,原评论
这个视频为什么怎么看怎么像交叉骨[doge],,1,0,,https://i0.hdslb.com/bfs/face/dfe77fd9fb029011dbdde35e6960f652ead8ee84.jpg,5,男,,LLL炼炼炼,330117624,1950778141,原评论
9:00发的视频还有问题。你慢慢找出他有没有胡子来，尽情合成。那就说明啊，本人根本就没有发布过那些视频。那些视频是有人故意发的，然后造假给你们看。认为梅西是故意不发视频。实际上梅西本人发的视频，估计都被限制接短了。所有人都看不到。,,1,6,,http://i0.hdslb.com/bfs/face/member/noface.jpg,5,保密,,感觉你只要,669069129,1950778141,原评论
我不敢说你狗，怕狗吠我。,,0,0,,https://i1.hdslb.com/bfs/face/a6b9bd993aa1cd55da2fa4a89c7c509fcafce1fd.jpg,5,保密,,rafjh99,528477733,1950778141,原评论
我只能说这个运动员应该没什么问题。就单纯的不打算理了而已。毕竟过来签合同就是来踢足球的。也不打算做其他的。,,0,0,,http://i0.hdslb.com/bfs/face/member/noface.jpg,5,保密,,感觉你只要,669069129,1950778141,原评论
回复 @感觉你只要 :[14周年],,0,0,,http://i0.hdslb.com/bfs/face/member/noface.jpg,5,保密,,感觉你只要,669069129,1950778141,原评论
每一步公关都是灾难性的,,1,0,,https://i0.hdslb.com/bfs/face/dd72ef50f16ff11964311aa9ab32aac50a9eed63.jpg,6,保密,,山元青,24731895,1950778141,原评论
翻译都能翻错就是说有没有一种可能，这个公关团队压根不是国人，而是渗透到国内的某国间谍[思考],,1,0,,https://i2.hdslb.com/bfs/face/a8a6c8ea131d1395279ac039b868e99a77fa4e7e.jpg,6,保密,该用户很懒，什么也没留下。,16岁fps爱好者想打职业,22767095,1950778141,原评论
第一[doge],,1,0,,http://i1.hdslb.com/bfs/face/333d5df272fa31657f726c958bec232b877c0fe7.jpg,6,男,黄金精神！,追忆的小少年,91516825,1950778141,原评论
goat梅西,,0,0,,https://i0.hdslb.com/bfs/face/member/noface.jpg,4,保密,,kobelovemessi,652309575,1950778141,原评论
保护海洋！别想什么梅西了！,,0,0,,https://i1.hdslb.com/bfs/face/233b397699d374e1641880aa61463b93f5e0fbdd.jpg,4,保密,一个成长中的UP，低成本高质量是我们的服务宗旨,玩家Logo,1198147414,1950778141,原评论
梅西本来就是亲日亲美的，有些人就是跪着起不来了[辣眼睛],,1,0,,https://i2.hdslb.com/bfs/face/f23ad39e1a9afef1355dca3801cba589ee03d5cc.jpg,5,女,活着太累了开始预售我葬礼的门票出钱多的可以坐我的棺材板上榜一可以和我一起合葬,经常踩坑的福宝,400906304,1950778141,原评论
梅西怎么又塌房了，圈外人 谁能解释下[笑哭],,0,0,,https://i2.hdslb.com/bfs/face/e455f989a0c02e9f5733aad5d4cabac4620f2497.jpg,5,男,666,hhaksi,2119065776,1950778141,原评论
就跟哪个钢琴女   道歉 模板 大差不差[doge],,1,0,,https://i2.hdslb.com/bfs/face/f79024d6127798b834c65bf471e8f5ccef809e6e.jpg,5,保密,桃之夭夭-灼灼其华_六月雨下-并 瓦牙 儿 ,南叙公子,253191215,1950778141,原评论
呦西呦西,,0,0,,https://i2.hdslb.com/bfs/face/b97a423738909a6843046038056766e6f084bb8d.jpg,6,男,不积小流，无以成江海；不积跬步，无以至千里。,时间还早_,86961119,1950778141,原评论
还有很多人认为是ai生成的,,3,2,,https://i1.hdslb.com/bfs/face/ddf532eff3bc70679d6069ee4c7e3409f9712a0f.jpg,5,保密,…,wzxlllll,1733122819,1950778141,原评论
这不是事实吗，梅西的胡子一会出现一会消失，牙也是这样,,2,0,,https://i2.hdslb.com/bfs/face/ec7d760dd5b9d0770e2984d06915f9ffc90631ac.jpg,4,男,awa,一只IKUN球,1847959901,1950778141,原评论
不然呢，随便找个手机拍视频都不会这么糊吧,,0,0,,https://i2.hdslb.com/bfs/face/f1d1f6f1de84024a09e4a4976fce1fe25b9c33bc.jpg,5,男,位卑未敢忘忧国,Zforw,27687383,1950778141,原评论
孩子们，请支持我,,0,0,,https://i2.hdslb.com/bfs/face/7807aa52507c59cfa94119587c38033c3a84dc4b.jpg,2,保密,,球王-里奥-梅西,3537111900752786,1950778141,原评论
孩子们，我已经召唤黑洞吞噬他了,,0,0,,https://i2.hdslb.com/bfs/face/e9279e8f193a16916a933711bd492085794d7c0f.jpg,4,保密,,霍金out,2062117490,1950778141,原评论
直升机：吆西，我想你了,,0,0,,https://i0.hdslb.com/bfs/face/f704ec57ccc82439dfcad0a254b3df85800f872c.jpg,6,男,,FWZhang,79975029,1950778141,原评论
现在知道罕见和DOG有多少了吧！,,0,0,,https://i0.hdslb.com/bfs/face/member/noface.jpg,5,保密,,ssy123aaa,362543366,1950778141,原评论
麦克阿瑟拒绝评论的原因之一可能是他看不起日本人[doge],,0,0,,https://i1.hdslb.com/bfs/face/50f312bdfc9fe3147fcd3a3f84c62a58bbc10e85.jpg,4,男,【男V】一棵明朝的松树，希望给大家带来欢乐,雪松Pine,3494380784584873,1950778141,原评论
哟西极速都可以打出分身了，厉害！,,1,0,,https://i1.hdslb.com/bfs/face/d4ead401c9b7bd04133275ce53ad3529cdd2fa3a.jpg,6,保密,别急还有的你急,茹出思勿,24453928,1950778141,原评论
古德古德,,0,0,,https://i0.hdslb.com/bfs/face/member/noface.jpg,4,保密,,ydidea,1886223748,1950778141,原评论
这头身比。还是远古画质，哟西。[打call],,0,0,,https://i1.hdslb.com/bfs/face/1707d3a7fc8cde27bb25d0a42f2b36472dfb4e38.jpg,4,男,憋看了，没啥看头。嘻嘻,三人曰可可,692809318,1950778141,原评论
AI视频也拿出来营销，你也不是什么好东西,,1,1,,https://i2.hdslb.com/bfs/face/969e51b4fa9913520be3a05ec93fa9cc91ceb41d.webp,6,保密,,使劲儿地抓住它,10742093,1950778141,原评论
？？？,,0,0,,https://i0.hdslb.com/bfs/face/67664674d50e7e7c0c1ab326050b57ba7014034d.jpg,5,男,这个人很懒，什么也没有留下Σ(っ °Д °;)っ,Joker-鱼,384928974,1950778141,原评论
万一是疼的呢？,,0,0,,https://i0.hdslb.com/bfs/face/0690eb5a06c12c63c1d97f43822c85a2c38893fe.jpg,6,男,"我选择了我的道路真诚的世界
我将用亲身去刺探这迷离的幻象
我要把蛊人的花言巧语撕碎到体无完肤
我要揭开一切伪装的真容
我注定只能在黑暗中前行",逸翼_Official,23325426,1950778141,原评论
看地上足球是ai,,0,0,,https://i0.hdslb.com/bfs/face/d49304d66bb7c0ab9776b0fc2c06797f1f594302.jpg,4,保密,,寇币步来恩,1793286414,1950778141,原评论
你们看右上面胡子若隐若现,,0,0,,https://i1.hdslb.com/bfs/face/e6e628d1d501b2ab62717a5810cd5c05bf786853.jpg,4,保密,,忠言逆耳a,1875503458,1950778141,原评论
呦西 我刚签了中国特殊感情合同,,0,0,,https://i1.hdslb.com/bfs/face/efa7c7d0e295de212738ff727358fd3a09d8db46.jpg,5,男,,老涩很寂寞,1702173346,1950778141,原评论
梅西是个[妙啊]省略两字[doge],,0,0,,https://i0.hdslb.com/bfs/face/7378b5b141ff7b74ac7575db550c96280120b91a.jpg,5,男,建筑学大一学生,大一励志干翻学长,478580352,1950778141,原评论
"梅里奥呦西！！
自衛隊一等兵梅西一郎が出てきた！",,0,0,,https://i2.hdslb.com/bfs/face/dfe77fd9fb029011dbdde35e6960f652ead8ee84.jpg,5,保密,人生如戏，戏如人生，红尘不渡苦难人，今朝有酒今朝醉，今夕梦惜明月昔，戏里戏外终无奈。,红尘太平人,1964974232,1950778141,原评论
大日本帝国之虎，里奥·呦西,,0,0,,https://i0.hdslb.com/bfs/face/2911a4af34f941d11c3459e6995431a2639f0737.jpg,5,保密,,萝香老湿,107815725,1950778141,原评论
养的购要干活啊,,0,0,,https://i0.hdslb.com/bfs/face/4d5e34999c019aee62ea7061dd39443eda372180.jpg,5,保密,坏人坏，好人要更坏,bili_361059162,361059162,1950778141,原评论
牢梅本来就是和米莱穿一条裤子的，22年拒绝中左翼的费尔南德斯访问球队，23年帮助米莱竞选，这次一眼就是带着zz任务来的。阿根廷要成牢美的后花园了，他这球王马上也是阿美莉卡养宠物🐶罢了。,,1,0,,https://i0.hdslb.com/bfs/face/2c3a28b8a99eb8d95ac6d6911e3f1243bd268654.jpg,6,保密,或许我们是对的,苏门答腊老咸鱼,34801941,1950778141,原评论
呦西,,0,0,,https://i1.hdslb.com/bfs/face/b2a514f57a37bf521ddfbd02805ec6c3ffc92019.jpg,5,保密,我累哇刚大木,Fennec_EK,1309406821,1950778141,原评论
里凹呦西,,0,0,,https://i0.hdslb.com/bfs/face/9f084fd46294dcd7cfe7cdbfe73ef2518bb4efdb.jpg,6,保密,where is your moutation,维吉尔丶assassin,16860795,1950778141,原评论
kmg传承,,0,0,,https://i2.hdslb.com/bfs/face/9a9602d50411f6665d08ef8ef7ba848403246e2a.jpg,4,男,,阳仔yongke,505549640,1950778141,原评论
有没有兄弟赏碗饭吃,,0,0,,https://i1.hdslb.com/bfs/face/1ff8e6ff3dd6bf2914e1386b4c6dd8e3a77c2fff.jpg,5,女,哼哼~,没钱吃饭代练换完饭吃,378122092,1950778141,原评论
现在ai这么叼了吗大开眼界啊,,0,0,,http://i2.hdslb.com/bfs/face/bddd87f3941114f0649cd6d10e5f43cde14bdb6f.jpg,6,男,好看的皮囊千篇一律 有趣的灵魂万里挑一,江风宴,106785993,1950778141,原评论
养的购要干活啊,,0,0,,https://i0.hdslb.com/bfs/face/4d5e34999c019aee62ea7061dd39443eda372180.jpg,5,保密,坏人坏，好人要更坏,bili_361059162,361059162,1950778141,原评论
甚至ai,,0,0,,https://i1.hdslb.com/bfs/face/6db438e2ee738bb0959f5a0679363f01696a3579.jpg,5,保密,夏季赛再见,知-_足,491475586,1950778141,原评论
@在南极吃虾,,0,1,,https://i1.hdslb.com/bfs/face/e2730b7defbb1bc2d6b53db2835b02e07b0d8012.jpg,3,男,这里是蒲湘龄PxO. 像烟火般Bow shining,蒲湘龄PXO,1118054827,1950778141,原评论
真的逆天，还是AI合成的，给我整笑了,,0,0,,https://i1.hdslb.com/bfs/face/e2730b7defbb1bc2d6b53db2835b02e07b0d8012.jpg,3,男,这里是蒲湘龄PxO. 像烟火般Bow shining,蒲湘龄PXO,1118054827,1950778141,原评论
@AI视频小助理 视频总结,,0,0,,https://i0.hdslb.com/bfs/face/b0685c2bd3b35ad734beebdfbf28177728d33e5c.jpg,4,男,,莫名嘚嘚,3493112657742585,1950778141,原评论
731,,0,0,,https://i0.hdslb.com/bfs/face/7c173e96b54d01e59e32bd2d74bbb7bac8548c32.jpg,6,男,,晨星DU,20864724,1950778141,原评论
哟西,,0,0,,https://i2.hdslb.com/bfs/face/f452dbf2a8913cddfc146633e4c714143c2bbec5.jpg,5,男,,天天想些没用的,199685474,1950778141,原评论
现在每次看到呦西都绷不住,,0,0,,https://i1.hdslb.com/bfs/face/f88f7bed897b3a1ea3bd0ba7550b55294019d981.jpg,6,男,血气涌涌，可惜狗血一滩；念头惺惺，究竟神弓鬼矢。,我的精神没有任何问题,13086115,1950778141,原评论
vocal,,0,0,,https://i1.hdslb.com/bfs/face/3a930d5c350259acc3864e317996e9006a912a8b.jpg,4,保密,,里熬丶煤洗,3493091159837239,1950778141,原评论
梅际巴们是这样的,,0,0,,https://i1.hdslb.com/bfs/face/69ae5559097dfa6cbf02c7f91222d6f50b843818.webp,4,保密,看拜仁慕尼黑看的,每天坚持换苦茶,3494372989471225,1950778141,原评论
😂,,0,0,,https://i2.hdslb.com/bfs/face/d87f387e5f09a82fa2ebfcd0b37d319174317b8d.jpg,5,保密,真的超喜欢异瞳！！！,今晚就吃嘉晚饭,500190752,1950778141,原评论
ai,,0,0,,https://i2.hdslb.com/bfs/face/8fce6948dd4ee6ee8103be5c594634e0dad10583.jpg,5,保密,,海珠乡下佬,25300979,1950778141,原评论
劲凉牢梅,,0,0,,https://i0.hdslb.com/bfs/face/bfca9f0a8da38a1cd7e2bb1187cbabd23565531c.jpg,5,保密,,Huaiersit,518388141,1950778141,原评论
[天依游学记_滑稽哭哭],,0,0,,https://i1.hdslb.com/bfs/face/6cf6666c85cf92d3967f53a737d1b750fc915977.jpg,6,男,麻了。,丶tfq,22579192,1950778141,原评论
欲加之罪何患无辞,,0,0,,https://i1.hdslb.com/bfs/face/03ba87da4890e4fde99e858fd5763b0c43c24806.jpg,6,保密,勿以善小而不为,最伟大的党,2636524,1950778141,原评论
这不是一条道歉视频，而是一条“澄清视频”,,0,0,,https://i2.hdslb.com/bfs/face/5b597f9f2da27551647587a7d2940952d7908319.jpg,4,保密,,を殺した少年の翼,3461578615687565,1950778141,原评论
看胡子[doge],,0,0,,https://i0.hdslb.com/bfs/face/361a10026107622ab1a421888a25f9606cc1bd21.jpg,4,保密,莫等闲，白了少年头，空悲切,末切,3493128535280025,1950778141,原评论
梅西？呦西！,,0,0,,https://i1.hdslb.com/bfs/face/33f3218c07c3da2d1e41a82134468b24dca2c8ca.jpg,3,男,原神 启动,sillyboy7777,3494379975084307,1950778141,原评论
右边的小胡子，时有时无，搞笑的AI视频，笑死人了！[笑哭][笑哭],,0,0,,https://i0.hdslb.com/bfs/face/16a9e3869640b6f4679bc82fad2bfea824082f49.jpg,6,男,餐饮人~~~,笨小孩笔记,320630199,1950778141,原评论
ai的,,0,0,,https://i2.hdslb.com/bfs/face/77641278a47e20555997ca4b8fd6b00d65c3a322.jpg,3,保密,,noroii_,3537108241222502,1950778141,原评论
哈哈哈，呦西,,0,0,,https://i1.hdslb.com/bfs/face/72c1e85c33ad9797d763c5d0c375aac8c0ec9051.jpg,5,保密,我が名はめぐみん、红魔族随一の魔法の使い手にして、爆裂魔法を操りし者、我が力、见るが良い！Explosion!,腦子有病的爆裂少女,22300333,1950778141,原评论
梅结晶也是够逆天的,,0,0,,http://i0.hdslb.com/bfs/face/2196c2216a4a2365b8681a612017549e94b05d91.jpg,6,男,,卯の花八千流,11840388,1950778141,原评论
笑死我了,,0,0,,https://i1.hdslb.com/bfs/face/77a233b12f1728a4b0189e788c32aed95bcccf73.jpg,6,保密,GO！乔尼！GO！GO！,陶吉吉的音乐难产坊,420468151,1950778141,原评论
ai，这个脸不像犹西,,0,0,,https://i1.hdslb.com/bfs/face/b9cb49e429aca77429a3311ed3fb2aae23602516.jpg,5,男,你要知道你要去往哪,amzing爵,386178727,1950778141,原评论
能不能给我个群号,,0,0,,https://i2.hdslb.com/bfs/face/8e124ffc5c02ae091f0a9bc4b78c47f5ede667c1.jpg,5,男,,落雨庭院,483685955,1950778141,原评论
@AI沈阳美食家 笑点解析,,0,0,,https://i0.hdslb.com/bfs/face/b0685c2bd3b35ad734beebdfbf28177728d33e5c.jpg,4,男,,莫名嘚嘚,3493112657742585,1950778141,原评论
智械危机了属于是,,0,0,,https://i2.hdslb.com/bfs/face/d0769bef9c8d44a0b4908dcfba6bb045643febc8.jpg,6,男,,贝贝贝贝贝贝,2057972,1950778141,原评论
@麦克阿瑟MacArthur,,0,0,,https://i1.hdslb.com/bfs/face/4add3acfc930fcd07d06ea5e10a3a377314141c2.jpg,5,保密,"装路人断章取义读不懂话勿扰
无论哪个平台，我发现都能遇着就别跟我再说什么平台高贵。要么连话都读不懂。多维立体防御，然后还阴阳怪气就自己对",才华横溢天下无敌,1164302413,1950778141,原评论
囚亡哟西！[doge],,0,0,,https://i0.hdslb.com/bfs/face/member/noface.jpg,4,保密,,48125,3461565328132419,1950778141,原评论
孩子们，这个上海梅西的微博是我发布的，视频也是我合成的。,,0,0,,https://i2.hdslb.com/bfs/face/a5a7b2a18aade1938f72024f2ee475b436955815.jpg,5,女,愿原力与你同在,Herrlichkeit1989,300024344,1950778141,原评论
别黑梅西了,,0,0,,https://i1.hdslb.com/bfs/face/1c128eef4309dd674078a17face583e75cf909f0.jpg,2,保密,蔚蓝档案忠实玩家,zjrhp,1410124396,1950778141,原评论
いいぞメイシー君は本当に大佐だ,,0,0,,https://i2.hdslb.com/bfs/face/db5fa1c165fee403389fd4dcd08ce23d561b9f35.jpg,3,保密,不要问朕为何不发作品，因为朕乃秦国人，不知这粉色东西是何物,秦士皇,3494370797947559,1950778141,原评论
@AI视频小助理 总结一下,,0,0,,https://i0.hdslb.com/bfs/face/98c77aa1ab430a463b14ff1c7a74402fa4722a70.jpg,6,保密,锤你胸口,有型狗,13458477,1950778141,原评论
@地上足球888,,0,0,,https://i1.hdslb.com/bfs/face/4add3acfc930fcd07d06ea5e10a3a377314141c2.jpg,5,保密,"装路人断章取义读不懂话勿扰
无论哪个平台，我发现都能遇着就别跟我再说什么平台高贵。要么连话都读不懂。多维立体防御，然后还阴阳怪气就自己对",才华横溢天下无敌,1164302413,1950778141,原评论
翻译没错,,0,0,,https://i0.hdslb.com/bfs/face/03a7e9bd689837ddd5788a7a5549498c7de821d7.jpg,6,男,"啦啦啦
",晓风の殘月,162646575,1950778141,原评论
我说实话看着像ai,,0,0,,https://i1.hdslb.com/bfs/face/8c682421203efe570f37c3ace942421c01667dff.jpg,5,保密,新人up，主打一个欢乐O(∩_∩)O,此题有解i,411561544,1950778141,原评论
破案了有罕见,,0,0,,https://i1.hdslb.com/bfs/face/4f6482f0e886d100094ae4cdc5025b4694d1bac1.jpg,5,男,,QAQHIFE,524871841,1950778141,原评论
哈哈哈哈哈哈,,0,0,,https://i2.hdslb.com/bfs/face/437639b5dfa04656f883de829a69cd68df48775a.jpg,5,男,像没有，像不存在,冬天太冷夏天太热居然有人用了,319312235,1950778141,原评论
孩子们，这不是我[微笑],,0,0,,https://i2.hdslb.com/bfs/face/6940940dfda54e3d8afcef25b26e27de83f21ec4.jpg,5,男,夕阳遂落于西山，我对你的喜欢却正心头,这个时代名为艾尼路,1183517231,1950778141,原评论
"哲科，到！
奥里吉，到！
维纳尔杜姆，到！
穆勒，到！
姆巴佩，到！
格策，到！
梅西，hai!",,0,0,,https://i1.hdslb.com/bfs/face/e9f68dbb3494c67115f9d9cf97ef1091df28a5b6.jpg,5,男,一个爱做专栏的历史区UP主，偶尔也听周杰伦,唐太宗文皇帝李世民,539577757,1950778141,原评论
"爱情公寓的预言真的牛批，https://www.bilibili.com/video/BV1Lj421Q7r7
0：27秒的预言球队[打call]",,11,0,,https://i2.hdslb.com/bfs/face/283ea29b428c9010927a5c2c0bb2e0183c1c5d35.jpg,3,保密,,哆啦A_蒙-,3493105466607836,1950778141,原评论
肯定有zz原因啊，了解一下阿根廷最近的事儿都知道,,0,0,,https://i0.hdslb.com/bfs/face/3b9873f0ef51fef1908686c426ad93af2aaee8a4.jpg,5,保密,,麻辣拌芒果,335329293,1950778141,原评论
以足球来说，中国被这样对待也是正常的[笑哭],,0,0,,https://i2.hdslb.com/bfs/face/96d38ef09045868206491e700e6344af8a05a1b5.jpg,4,保密,,碼赛克,3493086550297358,1950778141,原评论
有人说是ai[doge],,0,0,,https://i2.hdslb.com/bfs/face/e2886f64f4913e98f86d5d48b1ad1ead82e1e7f9.jpg,6,男,王者荣耀大型纪录片源于网络纯属娱乐，被限流闹麻了,今昔丶丶,15615050,1950778141,原评论
好像是ai啊,,2,0,,https://i1.hdslb.com/bfs/face/091bae3756a8cf2881db930087dc7b8bf070924a.jpg,4,保密,我们终将找到自己的归宿,-风---夏-,544551301,1950778141,原评论
哟西~,,0,0,,https://i0.hdslb.com/bfs/face/da71997803a942f16ee15d3162965463553fa5e3.jpg,5,女,吾有三好：音游、涩涩和小南梁,极品少萝李四,1452976029,1950778141,原评论
跟李佳琦道歉如出一辙[doge],,0,0,,https://i1.hdslb.com/bfs/face/f1c3ab631b1953944f80594ac0a31b3f54c617ee.jpg,6,男,"接合作，配音，扩列（Q+1092955625）播音与主持专业
特摄区UP主，喜欢二刺螈，伪音，会一些配音，宅舞",金豪金Flashgod,250645804,1950778141,原评论
昨天还看到抖音一个足球主持人支持梅西骂网友呢,,0,0,,https://i0.hdslb.com/bfs/face/779e4335c4021644c97d43ab1b3a85bbfcfa1980.jpg,5,男,,乱拳打死理中客,25077831,1950778141,原评论
日本起死回生之术我是欣赏的,,0,0,,https://i2.hdslb.com/bfs/face/7a34baa9e120446a2c77455c70dbacee6b27518e.jpg,6,保密,好看的皮囊与我无关，有趣的灵魂只占一半,长褶雅美,396776567,1950778141,原评论
吆西，一库呦,,0,0,,https://i0.hdslb.com/bfs/face/member/noface.jpg,2,保密,,阿胶河北省看,3546630955469385,1950778141,原评论
哟西哟西,,0,0,,http://i0.hdslb.com/bfs/face/c148493f01e050a1482a9001ea38edbeb94310f7.jpg,6,男, Nothing is final ！！！,麻婆理工大学,4528755,1950778141,原评论
国内梅西团队是不是国足足协兼职[脱单doge],,0,0,,https://i0.hdslb.com/bfs/face/63e80fea809892ac88a5421a358d9d171da11ad2.jpg,6,男,改善游戏社区环境从我做起,小龙天秀啊,417636876,1950778141,原评论
里奥731呦西再敢来中国的话看兄弟们弄不死他,,0,0,,https://i0.hdslb.com/bfs/face/member/noface.jpg,5,保密,,这是在为难我胖虎吗,339670999,1950778141,原评论
@超哥大话体育,,0,0,,https://i2.hdslb.com/bfs/face/299b6afff135d5ad49a960f3026b89ed537d141e.jpg,5,男,,okjjhhh,453557282,1950778141,原评论
哟西[doge][doge][doge],,0,0,,https://i0.hdslb.com/bfs/face/3686398e03d51ed37f0a914910f9d23659fd3c7a.jpg,4,保密,,虫群真什么什么兽,524205666,1950778141,原评论
不是买不起1080P设备，是他认为中国粉丝只配看480P是视频,,0,0,,https://i1.hdslb.com/bfs/face/1197a5feb5b94c61a94fd0651d4941a06854286b.jpg,6,男,还如紫陌花间客，依旧红尘柳下风。,Yui丨Permanent,18694822,1950778141,原评论
爱情公寓说的都是真的,,0,0,,https://i2.hdslb.com/bfs/face/09734d9338bca677a5ab4ae3ba710cd4ae191d96.jpg,4,保密,,长的天下第一帅,1446419843,1950778141,原评论
牢二,,0,0,,https://i1.hdslb.com/bfs/face/59252467e8dcd68ddfd9bc0175c36d1bfc808d6c.jpg,5,男,被导数折磨中，qq：1600590265 不能商务合作,社恐的尞某,1976681140,1950778141,原评论
AI球王，里奥哟西,,0,0,,http://i0.hdslb.com/bfs/face/86f69e43725480dc319649e17b7763fa134a5721.jpg,5,保密,,丶派克斯灬,427375944,1950778141,原评论
我来证明，梅西确实是吃药治好的，因为是我给他开的人中黄。,,0,0,,https://i1.hdslb.com/bfs/face/e6beccfa98db577dbee07142ac6af6938885addb.jpg,6,男,"My name is Van, I am an artist",秀才遇到彬,241299856,1950778141,原评论
26年姆巴佩给我踢碎它,,0,0,,https://i1.hdslb.com/bfs/face/4d989a3c2884c17a3883051a2b51f480a7964c11.jpg,5,男,,今天穿了白棉袜,441839899,1950778141,原评论
怎么，去一趟日本伤病就好了？[大笑],,0,0,,https://i2.hdslb.com/bfs/face/3649d7bb1a6ea917aa8d13026a8d0bba553c24d4.jpg,5,保密,,我本不该堕落,1792551212,1950778141,原评论
哟西,,0,0,,https://i0.hdslb.com/bfs/face/5eb0d9c718d0b1381cb3748d7b2742a583d6aef0.jpg,6,男,,温柔的雷狗子,20976453,1950778141,原评论
道歉声音不大，没有精神，大声点！哟西下下士,,1,0,,https://i0.hdslb.com/bfs/face/a00dbe4e7d489744470fc7fc148e9b4ad9b277be.jpg,5,保密,开始攒养老金,折君离,400842327,1950778141,原评论
和政治挂钩了，害怕了，赶紧发视频撇清[吃瓜],,0,0,,https://i2.hdslb.com/bfs/face/e7f2eae5e11084291315be2d1ffa98570a02a751.jpg,6,保密,ILLENIUM,-肉蛋粉肠-,13748330,1950778141,原评论
哟西,,0,0,,https://i0.hdslb.com/bfs/face/7823de4dc38d99d25f255754f733c54885377c57.jpg,3,保密,一个爱做饭的居家少男,周大师和吴凤猪,487501227,1950778141,原评论
"BV1Qv421k7Zb
这是真活结晶……[捂脸][捂脸][捂脸]",,0,0,,https://i2.hdslb.com/bfs/face/30508bb14625fd342a858926ecff56c1a4725c38.jpg,6,保密,"愿每一个善良的人和灵魂，都能得到应有的尊重
现DDLC同人mod汉化组“莫言汉化组”正式成员
心跳电音部QQ群:154731993 欢迎加入",一般高校の文学社社长,437709287,1950778141,原评论
大家众筹一把，雇佣 雇佣兵上场把这孩子腿给踢断。,,0,0,,https://i1.hdslb.com/bfs/face/4030b303c025c250301870678f611554fc65f21a.jpg,5,保密,,OOIINN,106213246,1950778141,原评论
是括约肌受伤了，心情不美丽了。[笑哭][笑哭][笑哭],,0,0,,https://i1.hdslb.com/bfs/face/f236e4604dc424688f89369e92886d420bb48570.jpg,5,男,,EVA孤狼,363679852,1950778141,原评论
哟西哟西,,0,0,,https://i0.hdslb.com/bfs/face/117d4dcb4fb144376157edcdba4c4fd2fcf10cb7.jpg,5,保密,这个人很帅，什么都没写(°ー°〃),小波湾捡破烂,66890169,1950778141,原评论
。。。,,0,0,,https://i2.hdslb.com/bfs/face/84a774f8ab2f91d79c8a5d2995ebc36c0afbca2f.jpg,6,男,因我无道，固法不在？因法不在，固我无道？何谓道？何为法？不能自强焉能自足。不练精气神，何以道全真。,Loveday圣帝,160951064,1950778141,原评论
尿·ai·哟西,,0,0,,https://i1.hdslb.com/bfs/face/43625a22dbc490100b0db13a903e37c3833b56d5.jpg,6,男,那女孩对我嗦～ 代价为十个大铲车,打鸡血的鸡,15884518,1950778141,原评论
已上报联合国，为没懂降半旗处理,,0,0,,https://i2.hdslb.com/bfs/face/ed65a8bc221dcc56b9db95d1b3f31b9797a0c7eb.jpg,6,保密,,心平气和快乐人生,472102667,1950778141,原评论
我知道他肯定瞒了些什么，比如自己其实是前列腺炎[doge][doge][doge],,0,0,,https://i0.hdslb.com/bfs/face/54408bf45661c9b874aefbcd44832ab4ac13d2de.jpg,5,保密,今天刚晋升成异教，有什么要注意的吗？,厄普西隆新晋异教,1240761465,1950778141,原评论
这好像ai合成的,,0,0,,https://i0.hdslb.com/bfs/face/727fa17acef79b683123c6798b6f9da38a0f732b.jpg,4,男,走自己的路，让别人去说吧！,ljyxnl,3461562696206616,1950778141,原评论
哎呦，呦西来了呀。,,0,0,,https://i2.hdslb.com/bfs/face/6b7e0b3080aab407353df333ae0b418d7f00f2dd.jpg,2,保密,fnaf和,和平精英的小何,492478037,1950778141,原评论
吆西,,0,0,,https://i1.hdslb.com/bfs/face/22b6cac4e8ee2b47e0e8f88a8350ccbe7755e54a.jpg,5,保密,得不到的东西，伸手也是多余。,单向旅途_,1668816298,1950778141,原评论
口腔内收肌还是手臂内收肌？,,0,0,,https://i2.hdslb.com/bfs/face/dfe77fd9fb029011dbdde35e6960f652ead8ee84.jpg,5,保密,人生如戏，戏如人生，红尘不渡苦难人，今朝有酒今朝醉，今夕梦惜明月昔，戏里戏外终无奈。,红尘太平人,1964974232,1950778141,原评论
哟西·480P分西,,0,0,,https://i2.hdslb.com/bfs/face/89f51a42d82ab08d5a2a1a614c378aa642c09ef0.jpg,5,保密,,歹心-拟人版,628657331,1950778141,原评论
没看懂，意思就是梅西在万众瞩目的香港场上没有上场，并且全程不友善，最后面对网上喧嚣选择敷衍回应、努力公关对吧？这岂不是说亚洲在梅西团队眼里没那么重要吧,,0,0,,https://i0.hdslb.com/bfs/face/e08e80024f3d9492b08f258f8d6dca876d94cdb8.jpg,5,男,,大马路上的挖土机,40522884,1950778141,原评论
是的，哟西连音道都撕裂了，还手臂也骨折了只能双手插兜，然后去🇯🇵说话也会了受的伤也好了，这得感谢🇯🇵牛郎神医治好了哟西的伤😭,,0,0,,https://i1.hdslb.com/bfs/face/73ff289147e33fe157ac526b5d327c4482e674ef.jpg,6,保密,相逢即是缘，何不赠予币之？,封陵子,32126653,1950778141,原评论
本视频讲述了梅西在2024年2月19日对香港事件进行澄清，但并未道歉。梅西表示缺席比赛是因为内收肌炎症，但他在香港行中表现不佳。这次回应的公关团队不专业，只有微博发布且评论区长篇大论，引起广泛关注。--以上内容由AI视频小助理生成，关注解锁AI助理，由@有型狗 召唤发送,,1,0,,https://i2.hdslb.com/bfs/face/e630fb5daacbb7ec6365984265236f57c13205de.jpg,4,保密,@AI视频小助理 总结一下 / 高能空降,AI视频小助理,1141159409,1950778141,原评论
@月读TuT ⬅️这位更是呦西不上场无需道歉，视频非ai合成,,0,0,,https://i0.hdslb.com/bfs/face/6b49d83ba0e2942529ecb46e9a142041bdd2a636.jpg,5,男,以逻辑为基，构分析殿堂,直接用手取砝码SteelCuMR,100904301,1950778141,原评论
孩子们不用担心，我在尝试应聘成为他的直升机驾驶员,,0,1,,https://i1.hdslb.com/bfs/face/294e5d99c07d14094ddc3d63889bed032aa5668e.jpg,5,女,我是猫颜,是祢豆子Ovo,1226846548,1950778141,原评论
绷,,0,0,,https://i1.hdslb.com/bfs/face/b2339f4813f13d7fe27744eb95d05c78e65c2138.jpg,3,男,欢迎乐子来查我成分,ReackTea,3493104927640252,1950778141,原评论
还好我不是球迷[妙啊],,1,0,,https://i2.hdslb.com/bfs/face/8d5e7cb46263d16bad768bd95fc7cc7e9ef812fd.jpg,5,保密,一片勃勃生机，万物竞发的景象,你不要给我口圭口圭叫,23345702,1950778141,原评论
AI哟西@,,0,0,,https://i2.hdslb.com/bfs/face/ce804fb03f77477fc0d3570f7fc6de8f3ea13f0b.jpg,6,男,,繁华泥搡酱,111171842,1950778141,原评论
我哥哥都声明（并且这个声明还是为了解释争议仅仅只是足球方面的不是其他方面的事情尤其是上面，而不是道歉）了，你们还想怎么样[doge]我哥哥下次还得来捞钱的呢[吃瓜][吃瓜][吃瓜]下次多几个人下跪可能我哥哥会更开心一点[吃瓜][吃瓜][吃瓜],,1,0,,https://i1.hdslb.com/bfs/face/550a8e7c06e6a7640bb0ba7a3ac308919e4cd77a.jpg,5,保密,,Alex虐杀原形2333,482284495,1950778141,原评论
阿根廷领馆官方和阿根廷tyc都发了这个视频，我不知道up你造谣还带评论节奏能赚多少钱，只能跟你说4个字:积积阴德,,1,10,,https://i1.hdslb.com/bfs/face/332e73cf3b78c383d9ef9606c708c97d072bf540.jpg,6,男,,酸橙味de风,1355479,1950778141,原评论
看到你转发原神我就放心了[偷笑],,2,0,,https://i0.hdslb.com/bfs/baselabs/5e335b6620a941f79f539c92c184153e43fd593a.png,6,女,もしあの日……風が吹いていなければ……もし……彼が現れていなければ……,嘉然今天吃我两拳,37354071,1950778141,原评论
回复 @酸橙味de风 :阿根廷是那个用短短20年通货膨胀800倍，超级老赖，被列为不守信国家前列的地方么？阿根廷领事馆？什么cjb[嗑瓜子]原神对中国的贡献都比阿根廷多。支持他我不如去下个原神[呲牙],,0,0,,https://i0.hdslb.com/bfs/face/96d96dc34fe642f614ee18fafd00fb62db62a933.jpg,5,保密,跟我念，日本自卫队下等兵，里奥•呦西，出列！罕见们别破防哦,里奥-_-哟西,352169856,1950778141,原评论
回复 @酸橙味de风 :就这么说吧，不自知我也没办法。,,0,0,,https://i1.hdslb.com/bfs/face/de22e629f21b881ca14b20b350bd2b01e241e849.jpg,5,男,"让时间证明一切,愿真相永存心间",神州赤鸡烧,499064239,1950778141,原评论
呦西的科技太厉害了，不得不说，谁能做到一天就恢复成正常情况了[吃瓜]，太逆天了,,0,0,,https://i2.hdslb.com/bfs/face/da1febc4ff3f96ec94ae1ff3358503c35a466dc3.jpg,5,男,老鸽子了，咕咕咕,--清风徐徐--,340608023,1950778141,原评论
这下是真的呦西了[吃瓜],,2,0,,https://i0.hdslb.com/bfs/face/9bdfada9c522006bcce8f1fba7605afa70deeee9.jpg,4,保密,又是无聊到爆的一天,我只喜欢胡桃啊,695888391,1950778141,原评论
梅西：不是我不想上场，而是我前列腺发炎了,,0,0,,https://i0.hdslb.com/bfs/face/9933de3ccb54154a5515e2c6be7e3a22884d333c.jpg,4,保密,,歪毕歪毕,176474424,1950778141,原评论
你们看那个视频根本就不像梅西跟AI合成的一样,,0,0,,https://i2.hdslb.com/bfs/face/64743db6c552f7d6425d46e42a1f20d04ca6e4f8.jpg,4,男,,爱狗的忠实粉丝,1347546758,1950778141,原评论
哟西[笑哭],,0,0,,https://i1.hdslb.com/bfs/face/171b3728dc0aeb0c619567a1d3cef9123d7137f1.jpg,4,男,yxxxx,yxxxx_-,1254181294,1950778141,原评论
胡老狗已经开始干活洗地了,,0,0,,https://i0.hdslb.com/bfs/face/d231c831babef7a4dd36d5be2752f02be5a5d46e.jpg,5,男,,ho266958,356257350,1950778141,原评论
[doge],,6,0,,https://i2.hdslb.com/bfs/face/fb79103e8b33547023e2010030b6889bba2b49bf.jpg,4,男,在复杂严峻的斗争中经风雨、见世面、壮筋骨，真正锻造成为烈火真金,1978年十二月,1999441607,1950778141,原评论
我还以为是梅西本人发的微博但又奇奇怪怪的感觉不应该他在国外吗？发布IP却是上海上次发布是四川成都[辣眼睛],,0,0,,https://i0.hdslb.com/bfs/face/25d87ada4a4a1f94bec057085ca2be3338c4f037.jpg,5,保密,,生活部长张玉美,1005485181,1950778141,原评论
支持哟西,,0,0,,https://i0.hdslb.com/bfs/face/933e7062a1cdced2944e18110eafbb12ff03cd98.jpg,5,保密,太随意就会错过，太认真就会难过,无名-v-,328177683,1950778141,原评论
我只能说梅西简直是宅种。,,0,0,,https://i0.hdslb.com/bfs/face/602f0a9b1332706f0196cc7517d9d94e9217774d.jpg,3,保密,,毒液的粉丝,3493275239451321,1950778141,原评论
哈哈哈麦克阿瑟拒绝评价可还行,,0,0,,https://i0.hdslb.com/bfs/face/0ce8b076458b248e2c0246edb426fc8d55b8595a.jpg,4,保密,哇，这是什么！,摘不下的n95,389683557,1950778141,原评论
呦西：咪西咪西，moeny！moeny！[doge],,0,0,,https://i2.hdslb.com/bfs/face/de7e68c4708e2d8c14fbab0c54a170c07d17cf5d.jpg,5,保密,,就喜欢最后一个,696124667,1950778141,原评论
梅西离传奇球王就差一个传奇直升机飞行员了，希望五年内这位飞行员能出现,,0,2,,https://i0.hdslb.com/bfs/face/b3bb7ccef7216bf004650e58f9cea618292f989d.jpg,5,保密,,耐伤王更持久,359156769,1950778141,原评论
回复 @灼眼の赤い瞳 :就看那位复活赛打没打赢了,,0,0,,https://i0.hdslb.com/bfs/face/e15b5de7726f845db947b869565fb3a0c0ff3dbd.jpg,5,保密,孩子们，我借助呦西身体复活了,科西_梅比,524317755,1950778141,原评论
五年？你让呦西这五年怎么过？建议三个月内安排,,0,0,,https://i0.hdslb.com/bfs/face/member/noface.jpg,5,保密,,-漆龟的黑头-,28960684,1950778141,原评论
原始粉丝，启动！[doge],,2,0,,https://i2.hdslb.com/bfs/face/67d86f168eff1238d1efd63629dd27c479c255e9.jpg,5,男,偶尔更新乔球直播录屏，多支持一下呗,羡水思鱼,578349851,1950778141,原评论
人家都不吊你们,,0,0,,https://i2.hdslb.com/bfs/face/3d835b4f34143f5670ee2a7e7375f0d48468e345.jpg,3,男,为什么要在这砌一堵墙,泰乔伊,336220166,1950778141,原评论
有个问题，为什么这么多要帮他洗白，甚至自掏腰包,,0,1,,http://i0.hdslb.com/bfs/face/06526419d8512b149a0a5ca8e5dd982269e1078b.jpg,5,保密,,YINKAI123,285856914,1950778141,原评论
"这就不是正常人能赶出来的事。
当然有没有自掏腰包的我不知道，可能有粉丝捐款，每个人一点。负责人员的可能另有收入",,0,0,,https://i0.hdslb.com/bfs/face/bb5b946bef2affdf3b18e8e83240134cb7e6aaa0.jpg,4,保密,,Player1_Studio,1929891846,1950778141,原评论
他还是插兜哦,,0,0,,https://i0.hdslb.com/bfs/face/d1ae0df320c5693c6de4c1f07ea2f16ea986a3bb.jpg,6,保密,一袋米要扛几楼,凛际,84116856,1950778141,原评论
wb什么成分还用多说吗[doge]  不一直都这样?,,0,0,,https://i1.hdslb.com/bfs/face/e5280b1f14fd20740875729a1cb7df9e1b5a20b0.jpg,5,男,,何为弃璞玉敝履,1472057299,1950778141,原评论
你们就无脑骂吧!我家哟西不跟你们计较是因为它大度！,,0,0,,https://i1.hdslb.com/bfs/face/69ee23ff880844a83b880988070f9be507231d28.jpg,5,保密,一个看见真夜中就三连的人,我是谁的金同学,470110795,1950778141,原评论
原本就烂了现在又被这样的公关一搞烂的没法再烂了,,0,0,,https://i0.hdslb.com/bfs/face/ba5062aed38396996f275695126887909aaa259a.jpg,5,保密,,VYUR,1965063111,1950778141,原评论
全文没道歉 如果是AI视频那就更恶劣了,,0,1,,https://i0.hdslb.com/bfs/face/aef04d4de9245e70363b52b70454cd6d5c17c9a5.jpg,6,男,悼念柳下惠,悼念柳下惠,37393494,1950778141,原评论
就是ai，可以看看地上足球888的最新视频,,1,0,,https://i0.hdslb.com/bfs/face/member/noface.jpg,5,保密,DM还开小号回复？急了？23333,白嫖教传教士,381365847,1950778141,原评论
给他俩窝窝,,0,0,,https://i2.hdslb.com/bfs/face/d3582ec9f335ad56bb458dc8a1c89ffc1142d539.jpg,4,男,旧的不新，新的不旧,lgm底的m等于1,1776073250,1950778141,原评论
第一[星星眼],,0,0,,http://i2.hdslb.com/bfs/face/2c98aa5f63b2b3d652ed3e920e3628173a479adc.jpg,5,男,,落叶以归根,426853397,1950778141,原评论
这ai里奥吆西做得太差了吧，不如来b站找人做[doge],,0,0,,http://i0.hdslb.com/bfs/face/e52711a3388775c7def2fce1ab85dc5e28047134.jpg,5,男,,碧落黄泉的彼岸,424712661,1950778141,原评论
这么多槽点不就是为了引发讨论，还有激起民愤，国外731热度都被这哟西压下去了,,0,0,,https://i0.hdslb.com/bfs/face/cef1e860af7aeec931d9e44f8c70bcecfedbfe78.jpg,4,保密,,长生413,399074979,1950778141,原评论
"3分钟前          IP属地：日本
好奇评论区用“呦西”这个称呼叫梅西的人，你为什么如此喜欢模仿日本人说日语呢，你到底是在就事论事不忘历史还是在单纯的玩梗?",,1,0,,https://i1.hdslb.com/bfs/face/2dd2c09d50e888932e159762d82879a20f28f7e6.jpg,5,保密,"
",Mine-nickname,2047086814,1950778141,原评论
这些个犹西脑残粉已经和反贼1450殖人蛇鼠一窝高度重合了，等着看被清算吧。。。。。,,0,0,,https://i0.hdslb.com/bfs/face/member/noface.jpg,4,保密,,涨大千,432511532,1950778141,原评论
给你两窝窝[笑哭][笑哭][笑哭],,0,0,,https://i0.hdslb.com/bfs/face/a130fe213b5f25ea801d0aa6a8b6b19c6f3a47dd.jpg,4,保密,石,留意哈吗,1610860032,1950778141,原评论
还是一点悔过之心都没有,,0,0,,https://i0.hdslb.com/bfs/face/448ee79ae1dd46dc3aff287be9a67dac04f45ac1.jpg,5,男,愿得一人心，白首不分离。,秋水枫落,434198631,1950778141,原评论
不得不说呦西的结晶粉 自我感动自我阉割自我反省是很有一套的,,0,0,,https://i0.hdslb.com/bfs/face/member/noface.jpg,2,保密,,在座的各位都是叻色,3546609275112195,1950778141,原评论
微博向来是百万阴兵，都没必要看,,0,0,,https://i2.hdslb.com/bfs/face/6d0225b6fcd150442de0e4492726479693265001.jpg,6,保密,,平安勃艮第,78036152,1950778141,原评论
犹西是犹太资本包装起来的，可以去搜一下哟西去耶路撒冷哭墙带犹太小帽子的视频，早交了投名状了，和jack马一路货色,,0,0,,https://i0.hdslb.com/bfs/face/member/noface.jpg,4,保密,,涨大千,432511532,1950778141,原评论
视频是AI做的，评论是数字生命发的，整个道歉都没一个活人,,0,0,,https://i2.hdslb.com/bfs/face/e3f876322aa160d7d9fe88d408dae1a5175cc6ae.jpg,6,保密,,5点球の里奥太君,4383326,1950778141,原评论
"没看B站有多少二鬼子，看到那个答辩视频之后，一同高潮与庆祝他们的呦西太君归来而洗地么。

呦西君故乡的樱花开不开我不知道，我只看到了国内的人种多样性。[妙啊][妙啊][妙啊]",,0,0,,https://i1.hdslb.com/bfs/face/888f0d967abf0662d04dde904bd6b3370081ac36.jpg,6,男,时间、人物、地点,濯耀流光,28917412,1950778141,原评论
直接封杀了干净，跪族要舔去国外舔,,0,0,,https://i0.hdslb.com/bfs/face/0975b9916372caec5fadcd0d58c9b8c6b5f63a97.jpg,5,保密,,大脸无敌好看,591496764,1950778141,原评论
太正常了，永远都会有汉奸，和伪军，有时候外国人什么都不用干，这些外国人养的狗自己就会帮主人擦屁股[笑哭]也许梅西本人都不知道自己发视频了,,0,0,,https://i1.hdslb.com/bfs/face/bc5a1314a3192259360fefbb4d5945de40f84ceb.jpg,4,男,我爱吃泥马，看泥马，滚泥马,我爱吃泥马,1913385655,1950778141,原评论
没事过两个月就行了[口罩],,0,0,,https://i1.hdslb.com/bfs/face/32ddc1ee9da75ed9891c191fa3e33b5c7c66fc5f.jpg,5,保密,0,futuremkqq,542432686,1950778141,原评论
AI人道歉[保卫萝卜_哭哭],,0,0,,https://i1.hdslb.com/bfs/face/a360b287587d4bca6c4d54e70360052539840b11.jpg,5,男,打工人一枚。只玩暗黑地牢血无，喜欢玩美德流，多一点耐心少一些牺牲。,逸Y时误Y世,470987419,1950778141,原评论
回应柠檬,,0,0,,https://i0.hdslb.com/bfs/face/54dc2ac933c6692c011ee1cc52da239b00594859.jpg,5,保密,,才没有喜欢真寻呢,457432812,1950778141,原评论
[tv_doge],,0,0,,http://i0.hdslb.com/bfs/face/d4276e91d72651d5272e9a131b314aecc5859268.jpg,6,保密,,清冷的椿,20444775,1950778141,原评论
这，回应了个啥？,,0,0,,https://i1.hdslb.com/bfs/face/3539dac77cba8d3e2e14b9ed8ef20dc4e12a40f7.jpg,5,男,这个人很神秘，什么都有,赶进,296788192,1950778141,原评论
谁家伪人,,0,0,,https://i1.hdslb.com/bfs/face/f4cb778c2b077d52ed11539fb5439704a7702961.jpg,5,男,有西无东，存钱怕穷。,真理先摆一会儿,513888226,1950778141,原评论
不必管他，731的热度不能下去，这个小丑就让他死在足球圈就行。,,0,0,,https://i0.hdslb.com/bfs/face/f928bd1e34f7ffd354706cec00826fc7bb87f529.jpg,5,保密,暴吃不肥~,周日的橘猫,396686616,1950778141,原评论
李老八合成那个视频都比他发这个视频像真人,,0,0,,https://i0.hdslb.com/bfs/face/f16dec1b2bb446d929bd1fb96c4ba9f5ccdf15ea.jpg,6,男,愚昧的找不到月亮，愚钝的找不到六便士,寻找月亮或六便士,5398005,1950778141,原评论
不是，现在洗都这么水了[疑惑],,0,0,,https://i1.hdslb.com/bfs/face/54c1d95ad542d296370309c1332d0bb3aa67052d.jpg,4,保密,,糊里糊涂_-,1664787064,1950778141,原评论
[doge],,1,0,,https://i2.hdslb.com/bfs/face/89f51a42d82ab08d5a2a1a614c378aa642c09ef0.jpg,5,保密,,歹心-拟人版,628657331,1950778141,原评论
[黑发喵娘Mio_喜欢][黑发喵娘Mio_喜欢][黑发喵娘Mio_喜欢],,0,0,,https://i0.hdslb.com/bfs/face/fe633c552277d811f19569c7a98219b90379eeb7.jpg,5,保密,光芒是不可能照遍所有的地方的，由光的地方就一定有影子。——《死神》 ,时崎南南,365780115,1950778141,原评论
里奥ai哟西[滑稽],,0,0,,https://i1.hdslb.com/bfs/face/8359617729b5c971db6f07a3eda587a0dffb6cd2.jpg,4,保密,,努力学IE的小刘,1346827072,1950778141,原评论
不喷 不关注 就是对他最大的羞辱 我太了解中国人了 他下次来国内 照样会被簇拥,,0,0,,https://i1.hdslb.com/bfs/face/7ab3f14f2974c944aa22a7432b0774c63dfc82d7.jpg,5,男,,王烛芯,259885756,1950778141,原评论
这下欲说还休了[嗑瓜子],,0,0,,http://i2.hdslb.com/bfs/face/af239f7145ebe7fa0cdfe52b0742bd0916e86b08.jpg,5,保密,,一只_稻草人,593549638,1950778141,原评论
今天好多收钱洗白的视频评论，这是中国公关公司自己用ai做视频，然后集中洗白，希望能把舆论打压下去,,0,0,,https://i1.hdslb.com/bfs/face/2ef6654b4cfa747b5adfdddc061fabc39f7747b1.jpg,5,保密,正青春人在天涯，添一度年华，少一度年华。,高处不怕寒,27397003,1950778141,原评论
之前看见几个评论我还以为反转了，原来是水军,,0,0,,https://i1.hdslb.com/bfs/face/6589451118a8f219e4d4a0512775579caa163e95.jpg,6,保密,"Demon Players十割团成员
死火的灵感和热情已不复往日，今后游戏王视频更多",风灵祭司,290840284,1950778141,原评论
懂了，这个呦西回应视频是AI合成的[脱单doge],,0,0,,https://i2.hdslb.com/bfs/face/235f4f37c2cac8c9c214ea846a668231aa88c971.jpg,6,男,"牛仔区up主，专注于牛仔教学、剪辑、下饭等视频，目前正在尝试新风格(●• ̀ω•́ )
能被你关注是我的幸运！
如有合作意向请私信( ᐛ )",套马的柚子,471071639,1950778141,原评论
哟西！~,,0,0,,https://i1.hdslb.com/bfs/face/b181fc55821a4174463839e40bc2eb61e7c11c5b.jpg,6,保密,摆烂,摆摆摆开摆,66624868,1950778141,原评论
人家只签了澄清合同没签道歉合同[doge]，用AI视频也只是因为合同也没写要他自己上，他视频都用自己的脸了你们还要他怎么样[doge][doge][doge],,0,0,,https://i1.hdslb.com/bfs/face/659592f351d4a34bd9b0d43c40f3021abd06b360.jpg,5,保密,,怀抱着琴团长蒙德来掌,574100686,1950778141,原评论
@足坛梅友记,,0,0,,https://i1.hdslb.com/bfs/face/86a5aae64df0cb1e7cd35871531223edc25cd4ab.jpg,5,男,,网络觉醒人_已觉醒,1446526513,1950778141,原评论
"棉花地，放躺椅，吃炸鸡，饮瓜西。

手拿鞭子，头戴帽子，嘴吹哨子，老迪克西调子

梅西，没戏，你可得好好起舞，给我们找找乐子啊[妙啊]小丑王中王[doge]",,0,0,,https://i1.hdslb.com/bfs/face/cf8c4847bc15ec2d3e787d86e852d5771a8eb1fe.jpg,6,保密,"某站重点关照人员，抵抗直播间参与者，时常无法接收回复消息/信号。

是个开明的卫道士，污浊要被驱逐洗涤，崇高要被推崇弘扬。",编制箴言的灵魂在行走,27868003,1950778141,原评论
"总结一下这个视频
1.日期混乱 没对好稿子  一球一助的比赛这个视频里说因伤没上场
2.伤情混乱 上海版梅西和四川版梅西受的伤完全不一样
3.梅西缺席香港行 香港可以用ins他不用ins发声明却用上海IP的团队来发大陆微博特供视频 外网毫无动静
4.这辈子第一次见澄清(注意不是道歉)声明还有预告的 专门预告大陆球迷他要在21点发声明
5.二零二四年连微单都能录8k60帧视频的年代 顶级球王能录个360p视频 
6.最重量级的 视频与巴黎道歉视频高度一致 神秘的渐变隐形胡子和全程不露齿讲话 还有迷之剪辑转场 已经可以确定是AI视频
7.(这条可以忽略 因为这个视频就是运营团队哄球迷的AI视频）退一万步讲 梅西哪怕ins亲自发了这个视频 那也全程没有为自己香港行态度的道歉 只有澄清 只有甩锅

梅西球迷是真她吗可怜 追了十几年的球星当他们是个屁 绝望了十几天后本以为球星终于通过视频回应他们  结果是国内斜角粉做的ai假视频 梅西甚至不知道这里发生的这场滑稽连环马戏 这是对理智球迷的真心话 至于那些世界杯小孩粉和未开化拉踩狗...就一坨史~看急了那就是真急了",,5,0,,http://i0.hdslb.com/bfs/face/d4eb03e098537b3f514b868bdbbb992e295827a3.jpg,5,保密,,l_PEPPA_PIG_KK_l,25408362,1950778141,原评论
因为梅西在中国不踢球的热度刚好下去，然后现在才出来道歉，再蹭一波热度，从而两次掩盖731部队热度,,0,0,,https://i0.hdslb.com/bfs/face/6def506b61765ae365c6acc3efd52827334e085c.jpg,6,保密,还能和你一起去欣赏那片樱花吗……,情坎隽永不如故,404122632,1950778141,原评论
我茜茜公主是这样子滴[星星眼],,1,0,,https://i1.hdslb.com/bfs/face/adad6684a7d567a26020392f2ddfa304ddb6a81d.jpg,5,男,"less interests  more interest
民族有信仰，人民有力量",欧ooo皇源,17212414,1950778141,原评论
"公关：视频合成好了
没戏：吆西",,0,0,,https://i1.hdslb.com/bfs/face/450b133bdc1a3901c0f3b1a13479349b306e5568.jpg,6,男,E学家 月球人，喜欢动画漫画和游戏，讨厌霓虹人和精神霓虹人,Arcueidの旦那,192429040,1950778141,原评论
把中国人当尼玛傻子了[笑哭],,3,0,,https://i0.hdslb.com/bfs/face/fef73c8177639869a462bad5ff0451e8457349b6.jpg,6,男,これが私のスタンド能力。,一只tangerine,27702123,1950778141,原评论
它还想赚中国钱，所以是谁宠的,,0,0,,https://i1.hdslb.com/bfs/face/130e537e06f73a146797cec3a0ac48709fb86212.jpg,3,女,集美们快和我去外太空,玉之针,3546560382110323,1950778141,原评论
"最令我惊讶的不是他不道歉，是评论区有人洗（非本视频），播放量弹幕最多的视频评论区底下，三四个热评几百回复的那种，都是在洗梅西的。当然几百个回复都是骂热评的。

但是这都能洗我是没想到的。

他要是当天道歉，或者第三天前道歉。可以洗。

这都多少天了，日本都去完了，舆论大了，才想着发个视频还不道歉。这有的洗吗？",,1,0,,https://i2.hdslb.com/bfs/face/be3b117af2a45eb18947b7f73339097f2ae39641.jpg,6,保密,"键盘侠三连

1.盲目服从楼上的话语跟着喷

2.说别人急了急了

3.拉黑",经典OH,26181572,1950778141,原评论
给你俩窝窝😡😡,,0,0,,https://i1.hdslb.com/bfs/face/e642be3467a32c501d329b033f13d2e01eb89d7d.jpg,6,男,,唱片店ii,97141072,1950778141,原评论
他是谁[doge],,0,0,,https://i1.hdslb.com/bfs/face/2773c1d8c9dff9021ad0d05d73e33d7ec56a4306.jpg,6,保密,因为自己淋过雨，所以总想为别人撑伞,拥风雪入怀,11119936,1950778141,原评论
哟西！~,,0,0,,https://i2.hdslb.com/bfs/face/246fa338d8be87038f3b5040bb77567ed087413b.jpg,4,保密,,好逆天啊,1712271269,1950778141,原评论
括约肌炎,,0,1,,https://i0.hdslb.com/bfs/face/87f317e4817459904b2a95f89428b0bac4101291.jpg,6,保密,.,苍柏海棠,87429843,1950778141,原评论
前列腺炎,,0,0,,https://i0.hdslb.com/bfs/face/b5456b2a26c8d69387c6a4991e677e36f9555f03.jpg,5,男,你玩求生之路吗 什么竟然不玩  创死你,求生之路2的charger,488851632,1950778141,原评论
人家梅粉up都说了，这个视频是发给人家爱梅西的人看的～不是给你们这些没脑子的人看的，懂不？@迪布的护腿板,,2,0,,http://i0.hdslb.com/bfs/face/6d3dd5e61dd00a1c7a2457e36076e3f42403198f.jpg,5,男,,konoAdam哒,50702040,1950778141,原评论
原来还有这么多细节，我只看到了ai争议，呦西饭圈杠杠的,,0,0,,https://i1.hdslb.com/bfs/face/04eebcc53ff0bb26ed8b4aa18e4e117544109bd9.jpg,4,保密,,杜康酒巷,3461575574816845,1950778141,原评论
呦西：咪西咪西，moeny！moeny！,,0,0,,https://i1.hdslb.com/bfs/face/b6d78589e5111dd2473cdb5d1cfa66680ce8576a.jpg,6,保密,,一条木咸鱼,33540385,1950778141,原评论
座机拍的？,,0,1,,http://i1.hdslb.com/bfs/face/7091c3a672479bb6b19a3926c7486f376102a92d.jpg,5,保密,,最后的轰轰,287996489,1950778141,原评论
也有可能是那种门锁拍的[doge],,0,0,,https://i1.hdslb.com/bfs/face/6faee208cebdc75b8265eab905aa89b2c89957ef.jpg,6,保密,,买些石头送给橙猫猫,27618559,1950778141,原评论
[吃瓜],,0,0,,https://i0.hdslb.com/bfs/face/4e8cdbc2e5c6e8135f04aec85d630644a33d7e01.jpg,5,男,学生，活跃的王者李信玩家，常长老；爱音乐，历史，中华文化；玩星铁；平常爱看小视频，听音乐；偶尔对时事发表观点,付赤赤付,1562390232,1950778141,原评论
智能儒西，智能儒畜。,,0,0,,https://i0.hdslb.com/bfs/face/2911a4af34f941d11c3459e6995431a2639f0737.jpg,5,保密,,萝香老湿,107815725,1950778141,原评论
梅毒,,0,0,,https://i0.hdslb.com/bfs/face/cbadec97c6ca860e1fc47e6f6f2b08a08124f34d.jpg,5,保密,,义务教育没读完,440645358,1950778141,原评论
打药侏儒[呲牙],,0,0,,https://i0.hdslb.com/bfs/face/24dac886e1ac8bb5fc4aa5bcf604b671a1a7c9b3.jpg,6,男,,沪上解说笔记,27116589,1950778141,原评论
我想说第一这个视频大概率是合成的，那些哟西儿孙们还有啥好洗的；第二退一万步来讲，假如这就是老鼠自己发的，这特么顶天算澄清视频，那里有道歉了？这帮吆西儿孙还有啥好洗的；第三再退一亿步来讲，假如这就算是老鼠自己录的视频，就假装道歉了，呦西儿孙们舔p眼子也不是这么舔的吧，过去特么半个月了，舆论反响这么强烈，发了个这哟西儿孙们就忘记被侮辱了？忘记他们是被老鼠怎么不当人的啦？不过他们却实不是人，一群跪久了的🐶，这就像半个月之前你提着礼品一脸热情去看望某只老鼠，老鼠看都不想看你，正眼都没瞧你一下，并且一脸不爽的踢开你的礼品，双手插兜扬长而去，半个月之后因为受到种种压力，老鼠澄清了一下它自己的情况，这就让它的儿孙们觉得他们就受到了老鼠的尊重？开始继续强行洗地了？我想问问这帮🐶贱不贱呐,,0,0,,https://i0.hdslb.com/bfs/face/member/noface.jpg,4,保密,,另一个宇宙123,479655132,1950778141,原评论
我只能说贱骨头还是太多了，这些贱种就不能花个250块脱离中国国籍吗，不是中国人他们去舔梅太君的屁眼我都懒得去说一句,,2,0,,https://i1.hdslb.com/bfs/face/b0b50c34702d5c03ab5703ab05f74466d178108e.jpg,2,保密,,十日终焉__,3546600378993322,1950778141,原评论
第一进来的，但是刚刚看完视频就不是第一了[笑哭][笑哭],,0,0,,https://i1.hdslb.com/bfs/face/85a83fc042c6cc2190739b726020e0d44bcb7077.jpg,5,保密,,彭于晏夸我帅_,438215074,1950778141,原评论
@真实球迷汇 儿子，我哥叫你呢！,,2,0,,https://i1.hdslb.com/bfs/face/e3d5c16172b1ac7fc05a072c840ebf136afe0a48.jpg,5,保密,这里下雪了,橘子花会开丶,601049791,1950778141,原评论
滚😡,,1,0,,https://i2.hdslb.com/bfs/face/2d0aec5d5ae0e22bde0d94f71e33a983568d19fa.jpg,5,男,写作业呢 呱！,帕丁顿熊x,521069579,1950778141,原评论
有一说一啊这个回应，我猜一下，应该是为了      引流  压其他热度   这视频问题明显到xxs做的都能比这好,,1,0,,https://i2.hdslb.com/bfs/face/5a6e1e303a2a8779b0700db738f1164e3ad408bc.jpg,5,男,喜欢查成分，就把你自己的妈也查查。,园丁的钩,521648480,1950778141,原评论
想喷就喷啊，还他妈ai都来了，佩服,,1,4,,https://i2.hdslb.com/bfs/face/4ffe5abc6210f6208a2ccbee867c699c8312ca87.jpg,5,保密,晚安诗音,蟹蟹梨我的神,362786831,1950778141,原评论
本来就是AI合成的，嘴角上右边的胡子一直时隐时现，你要不是AI合成的为啥不在ins和X上也同步发动态？不愧是历史最强公关。,,5,0,,https://i2.hdslb.com/bfs/face/fc8254f48a7588341c62bdaa89d6fac9d925683e.jpg,5,男,这个人很神蜜，什么都没写,if与else的辩证统一,494618477,1950778141,原评论
只是在陈述事实罢了,,1,0,,https://i1.hdslb.com/bfs/face/863e87951862555b2ddaf31942604d8d8a972c3d.jpg,5,男,,是晴鸢呐,569287780,1950778141,原评论
喷了你又要说还不让受伤了，反正你爹永远能洗白,,1,0,,https://i1.hdslb.com/bfs/face/4710d3506e26c596fa5bcfedefb1ae1bb08d892f.jpg,6,男,迟道、圣徒太刀侠,一条咸鱼酱鸡,12948739,1950778141,原评论
互联网水军是这样的,,1,0,,https://i0.hdslb.com/bfs/face/906035d61994668411fdca452ec19bad35de50ea.jpg,5,保密,隔江千万里,逸度因子,346283733,1950778141,原评论
1,,0,0,,https://i1.hdslb.com/bfs/face/8ac6698691134e097872bb8bdfdce65d78893e44.jpg,6,保密,"所有怀旧群均关闭查找
想加必须关注并私信UP

粉丝群：484416577
Blive：369474",诗雨飘零,23677195,1950778141,原评论
[脱单doge]nba都原谅央氏了 ，那么没c什么时候原谅你们这些没事找事的黑子呢[脱单doge][滑稽],,0,0,,https://i1.hdslb.com/bfs/face/67154bbe18c202ec59f7c982434799514a882b1e.jpg,5,保密,,江小续,96166678,1950778141,原评论
滚！QNMD ! 呦西 ！！,,0,0,,https://i0.hdslb.com/bfs/face/member/noface.jpg,5,保密,,youxiwang2181,384196792,1950778141,原评论
这byd有什么好看的，妈的他就是歧视中国，狗东西，早就想找人把他做了,,0,1,,https://i1.hdslb.com/bfs/face/078912f27fb7cee1dea1f5103be2db1fb0bc5ba0.jpg,5,保密,,你麻麻问,510191197,1950778141,原评论
我还歧视他侏儒呢[藏狐],,0,0,,https://i1.hdslb.com/bfs/face/b53710c2fd1518ef04e94a29249973e43228468e.jpg,5,保密,,佐巴佯,1841491669,1950778141,原评论
"转发）所以说，《互联网没有记忆》：
    汶川地震c罗赠送前面衣服赈灾，梅西说“地震与足球无关”。
   几年后日本地震，梅西直接300w欧元捐过去。
   去年年底阿根廷米莱瞎搞，精神领袖梅西也没站出来，本国人民都不管的人，还能指望？
  不要因为国足弱就盲目崇拜别人，至少，你有强大的祖国[打call]。近日天寒，望诸位多加保暖",,0,0,,https://i0.hdslb.com/bfs/face/076ed0ad0d8eb884ef329d1ea6e52e4824db4555.jpg,5,男,,蒋介实,1747762344,1950778141,原评论
水军的准点评论，再次让我们见识到了网络的荒谬性，今年太戏剧化了，两大一栓压热度，731三块删评卖蠢加哟西盖热度，在没有友军的情况下，还接着有人洗，接二连三，让人不得不阴谋论,,0,0,,https://i2.hdslb.com/bfs/face/43f6f3792d1e376fdc117645af80e9b27746602f.jpg,5,保密,清清静静，平平淡淡,生近何许,94639853,1950778141,原评论
"要洗？
吆西！",,0,0,,https://i0.hdslb.com/bfs/face/d16ee839b863c383431e670b5c9b75c27bb13014.jpg,4,保密,。。,Enemyness,3493103853897795,1950778141,原评论
闹麻了，真嗨又可以舔他die了[星星眼],,0,0,,https://i1.hdslb.com/bfs/face/c13a0f4847c07529f7d33290e36827ed000833db.jpg,3,保密,米兰，渣团，破车球迷,はいけ_,3493265206676191,1950778141,原评论
网传的ai制作完全是造谣，视频没有经过ai和剪辑处理，这是梅西本人拍摄的澄清视频而非道歉，完全是他本人出镜的,,2,10,,https://i0.hdslb.com/bfs/face/member/noface.jpg,0,保密,,账号已注销,3546631307791297,1950778141,原评论
撒贝,,4,0,,https://i2.hdslb.com/bfs/face/e10be17bba32b2c5ea22de8b72be09837d250893.jpg,5,女,,菁卓,446565863,1950778141,原评论
儒儒带着儒子儒孙全都机器飞升了？,,3,0,,https://i2.hdslb.com/bfs/face/3f7b6eca189533583e062355e6282a67ea14dc14.jpg,5,保密,,模范义父丁员外,350802158,1950778141,原评论
2级就给你爹来洗了,,2,0,,https://i1.hdslb.com/bfs/face/4710d3506e26c596fa5bcfedefb1ae1bb08d892f.jpg,6,男,迟道、圣徒太刀侠,一条咸鱼酱鸡,12948739,1950778141,原评论
胡子被ai当阴影处理了hhh,,90,3,,https://i0.hdslb.com/bfs/face/995d3fb232c2cd396978e85f9c590c78fea5a314.jpg,6,男,梅毒总是想叫我们跪下   但我们只想他们能站起来,梅毒别跪了站起来吧,4898934,1950778141,原评论
谢谢你，盯帧[脱单doge],,3,0,,https://i1.hdslb.com/bfs/face/dd1b6e716aea7f53e60337eb99dbc9f33accf8d2.jpg,3,男,目标华师（考上了改签名）,034号-健身ing,516608593,1950778141,原评论
鼻孔才是精髓我的朋友,,1,0,,http://i0.hdslb.com/bfs/face/ec74f2a7382750649089e1d21c5832b407adda79.jpg,6,男,宅到深处自然萌，萌到深处自然呆，呆到深处必然黑，黑到深处自然鶸,弦中月,3895314,1950778141,原评论
还得是你,,1,0,,https://i2.hdslb.com/bfs/face/6c98d4b56515e1ae4e60e32fca398d57507df1ab.jpg,5,保密,阳光穿透了云层,大溩龟,22882109,1950778141,原评论
简简单单挂个人，什么情况懂得都懂,,3,0,,https://i2.hdslb.com/bfs/face/fb79103e8b33547023e2010030b6889bba2b49bf.jpg,4,男,,每天都在变强的鸭鸭,1438827176,1950778141,原评论
你们看着时有时没有胡子，你们是信他是真人还是信我是秦始皇？[微笑][微笑],,4,1,,https://i0.hdslb.com/bfs/face/ace100a1c994151177c35f97f7a66268807dd4be.jpg,5,女,提希尔–亚特莱,珐鲁鲁,500361996,1950778141,原评论
AI太明显了，不会有人宁愿相信人类可以在几十秒内长出或者消失一片胡子吧？1000%是AI,,1,0,,https://i0.hdslb.com/bfs/face/ace100a1c994151177c35f97f7a66268807dd4be.jpg,5,女,提希尔–亚特莱,珐鲁鲁,500361996,1950778141,原评论
犹太西,,5,1,,https://i2.hdslb.com/bfs/face/455577f5d13c5d11087b40377e12b6f15fe004e1.jpg,6,保密,地球反思协会荣誉会员,哈耶克的无形大手,386775956,1950778141,原评论
呦西变犹喜是吧[偷笑],,2,0,,http://i0.hdslb.com/bfs/face/member/noface.jpg,6,男,,shouxiongzhang,19188064,1950778141,原评论
璃凹.哟西,,1,0,,https://i1.hdslb.com/bfs/face/7b3ed9136de63629e84e53e5a02e825bbea0f70d.jpg,5,保密,从今天开始当逃跑主播,逃跑吧少年疾行,1512762295,1950778141,原评论
想你了，耐痛王牢西[大哭],,0,0,,https://i0.hdslb.com/bfs/face/08386139afd85469036085ff40168003bdf02365.jpg,3,保密,,原来你也完猿沈,72556233,1950778141,原评论
不懂就问这视频是2024年的？,,0,0,,https://i0.hdslb.com/bfs/face/fe9683d36935bf70008d0685e2b210a25e2af6e5.jpg,5,保密,享乐主义者,无聊的白色浣熊,29175786,1950778141,原评论
呦西呦西大大滴，梅西是个杀猪滴,,0,0,,http://i1.hdslb.com/bfs/face/c46137ea47965dd72586bef24871f64aaa0364ef.jpg,5,保密,爱好音乐，记录生活，玩玩游戏，有爱的up （做人要谦虚，做一个有心的艺人),克克科QAQ,82334917,1950778141,原评论
[微笑][微笑],,0,0,,https://i2.hdslb.com/bfs/face/abf16399227c6ed2bf253afcbcb61f9e079a3b32.jpg,5,男,正山小种,甜蜜老陈1,1689031097,1950778141,原评论
b站什么冠军？！,,0,0,,https://i1.hdslb.com/bfs/face/3074e11761b4d17609d316d51391bfbdabb506be.jpg,4,保密,人虽生来平等，但后来人之间产生的差距在于学与不学,月下宝贝世界第一可爱,1450619680,1950778141,原评论
梅西逆天大鼻孔+自适应胡须,,0,0,,http://i2.hdslb.com/bfs/face/186229a08026e1bc6bd31f717e9fb60d9ed25dcd.jpg,5,保密,老笨比了,燃气热水器四强,479734925,1950778141,原评论
"吆西？
要洗！",,0,0,,https://i2.hdslb.com/bfs/face/e924e668d9e955f9c6ee44619f9e90f807ab8bda.jpg,2,男,新人，请多关照哦~,银色别针,3546570339388202,1950778141,原评论
《从不营销》,,0,0,,https://i0.hdslb.com/bfs/face/6d4a0356d7764fb4b1a32f25deba2fdf42e0be98.jpg,6,男,逃避虽可耻但有用,HalaMadrid-wy,31540701,1950778141,原评论
哟西,,0,0,,https://i2.hdslb.com/bfs/face/8f42c9d62bba70292f41d4b63bc84936378693ec.jpg,3,保密,我不看低创视频,你说永力我说恩,1013335526,1950778141,原评论
